DATE,SYMBOL
2024-02-07,ASTERDM.NS
2024-02-07,RICOAUTO.BO
2024-02-07,YELL
2024-02-07,8326.HK
2024-02-07,HDD.L
2024-02-07,GGR
2024-02-07,EZE.MC
2024-02-07,005010.KS
2024-02-07,SCCC.BK
2024-02-07,DJUR.CO
2024-02-07,CLIME-B.ST
2024-02-07,AKTIA.HE
2024-02-07,003550.KS
2024-02-07,SECU-B.ST
2024-02-07,3405.T
2024-02-07,MULT3.SA
2024-02-07,6965.T
2024-02-07,BPZZF
2024-02-07,GPIL.NS
2024-02-07,INWI.ST
2024-02-07,COTY
2024-02-07,8522.T
2024-02-07,000080.KS
2024-02-07,BAMI.MI
2024-02-07,STC
2024-02-07,GPRE
2024-02-07,002840.KS
2024-02-07,004700.KS
2024-02-07,8535.HK
2024-02-07,ALK-B.CO
2024-02-07,005690.KS
2024-02-07,IMPAL.NS
2024-02-07,4928.T
2024-02-07,AINO.ST
2024-02-07,MOH
2024-02-07,PAHC
2024-02-07,0L7G.L
2024-02-07,FCIC
2024-02-07,4767.T
2024-02-07,WYNN
2024-02-07,TIL.NS
2024-02-07,7905.T
2024-02-07,PRIC-B.ST
2024-02-07,SAMPO.HE
2024-02-07,JBCHEPHARM.NS
2024-02-07,7958.T
2024-02-07,0LOZ.L
2024-02-07,3176.T
2024-02-07,GOODY.IS
2024-02-07,IBT-B.ST
2024-02-07,TMV.DE
2024-02-07,SUNTV.NS
2024-02-07,8425.HK
2024-02-07,RDW.L
2024-02-07,CSGS
2024-02-07,9007.T
2024-02-07,MEDXF
2024-02-07,NLS
2024-02-07,8111.HK
2024-02-07,OESX
2024-02-07,BOOZT.ST
2024-02-07,8057.HK
2024-02-07,CAV1V.HE
2024-02-07,1952.T
2024-02-07,8003.HK
2024-02-07,ME
2024-02-07,NP3.ST
2024-02-07,KOVAI.NS
2024-02-07,ASHIMASYN.NS
2024-02-07,RITM
2024-02-07,SHB-A.ST
2024-02-07,MARALOVER.NS
2024-02-07,8562.T
2024-02-07,BGLF.L
2024-02-07,0R1T.L
2024-02-07,CSGN.SW
2024-02-07,8545.HK
2024-02-07,EPL.NS
2024-02-07,4819.T
2024-02-07,SADBHIN.NS
2024-02-07,KIRLOSBROS.NS
2024-02-07,PMI.SW
2024-02-07,7906.T
2024-02-07,9034.T
2024-02-07,AGARIND.NS
2024-02-07,CANTABIL.NS
2024-02-07,5713.T
2024-02-07,PFC.NS
2024-02-07,REFEX.NS
2024-02-07,1982.T
2024-02-07,8096.HK
2024-02-07,SHANKARA.NS
2024-02-07,2613.T
2024-02-07,218410.KQ
2024-02-07,0R33.L
2024-02-07,MAERSK-B.CO
2024-02-07,4801.T
2024-02-07,TGI
2024-02-07,ESABINDIA.NS
2024-02-07,7222.T
2024-02-07,4997.T
2024-02-07,PTL.NS
2024-02-07,MUNJALSHOW.NS
2024-02-07,RPD
2024-02-07,ATSAF
2024-02-07,NVST
2024-02-07,FLNC
2024-02-07,CFLT
2024-02-07,CMDXF
2024-02-07,EGP
2024-02-07,0KYY.L
2024-02-07,1847.T
2024-02-07,SLIGR.AS
2024-02-07,8447.HK
2024-02-07,8098.T
2024-02-07,5947.T
2024-02-07,EDGM.CN
2024-02-07,051600.KS
2024-02-07,BEDMUTHA.NS
2024-02-07,8591.T
2024-02-07,4200.SR
2024-02-07,4536.T
2024-02-07,CUMMINSIND.NS
2024-02-07,9066.T
2024-02-07,TALBROAUTO.NS
2024-02-07,CXW
2024-02-07,SOBI.ST
2024-02-07,BABA
2024-02-07,HMT.NS
2024-02-07,BN.TO
2024-02-07,FSL.NS
2024-02-07,3L7A.F
2024-02-07,HARVIA.HE
2024-02-07,BEML.NS
2024-02-07,ASTL.TO
2024-02-07,RAMCOIND.NS
2024-02-07,105840.KS
2024-02-07,CTEK.ST
2024-02-07,PYCR
2024-02-07,7966.T
2024-02-07,STB.OL
2024-02-07,3817.T
2024-02-07,SPSN.SW
2024-02-07,4118.T
2024-02-07,7552.T
2024-02-07,ITAB.ST
2024-02-07,5801.T
2024-02-07,0QZA.L
2024-02-07,BST.DE
2024-02-07,ABMINTLLTD.NS
2024-02-07,0IIB.L
2024-02-07,IMPACT.BK
2024-02-07,6590.T
2024-02-07,0HIY.L
2024-02-07,OFC
2024-02-07,ACAZF
2024-02-07,HERXF
2024-02-07,SAFARI.NS
2024-02-07,FAGR.BR
2024-02-07,1719.T
2024-02-07,EHC
2024-02-07,6817.T
2024-02-07,ORK.OL
2024-02-07,9757.T
2024-02-07,TR1.DU
2024-02-07,MINDTECK.NS
2024-02-07,TOTS3.SA
2024-02-07,KLBN4.SA
2024-02-07,6723.T
2024-02-07,8218.HK
2024-02-07,MONARCH.NS
2024-02-07,8173.HK
2024-02-07,6800.T
2024-02-07,2454.T
2024-02-07,SHYAMCENT.NS
2024-02-07,7872.T
2024-02-07,069080.KS
2024-02-07,ALMB.CO
2024-02-07,8509.HK
2024-02-07,TTMI
2024-02-07,029780.KS
2024-02-07,1721.T
2024-02-07,003410.KS
2024-02-07,2201.T
2024-02-07,FABG.ST
2024-02-07,BKH
2024-02-07,6406.T
2024-02-07,5391.T
2024-02-07,PXS.AX
2024-02-07,7242.T
2024-02-07,TOTAL.NS
2024-02-07,000250.KQ
2024-02-07,TORNTPOWER.NS
2024-02-07,EPG.BK
2024-02-07,8037.T
2024-02-07,SAPR4.SA
2024-02-07,FOXA
2024-02-07,4849.T
2024-02-07,SLF
2024-02-07,011170.KS
2024-02-07,ASTRAMICRO.NS
2024-02-07,MAT
2024-02-07,GOLDIAM.NS
2024-02-07,QNST
2024-02-07,CENTUM.NS
2024-02-07,3521.T
2024-02-07,HIKAL.NS
2024-02-07,FLFL.NS
2024-02-07,0KTS.L
2024-02-07,6937.T
2024-02-07,GTL.NS
2024-02-07,4543.T
2024-02-07,UBER
2024-02-07,LNTQF
2024-02-07,VRS.DE
2024-02-07,SRPL.NS
2024-02-07,6544.T
2024-02-07,FAF
2024-02-07,0K10.L
2024-02-07,1811.T
2024-02-07,KTIS.BK
2024-02-07,ASND
2024-02-07,SAIN.L
2024-02-07,8078.T
2024-02-07,6947.T
2024-02-07,THCOM.BK
2024-02-07,EREGL.IS
2024-02-07,SAKAR.NS
2024-02-07,KARMAENG.NS
2024-02-07,9024.T
2024-02-07,INTO.BR
2024-02-07,MUM.DE
2024-02-07,FIBRAMQ12.MX
2024-02-07,BTOU.SI
2024-02-07,0JTT.L
2024-02-07,GBAR.TO
2024-02-07,DAE.SW
2024-02-07,2282.HK
2024-02-07,3954.T
2024-02-07,MAGADSUGAR.NS
2024-02-07,HUH1V.HE
2024-02-07,6383.T
2024-02-07,3632.T
2024-02-07,EUR.AX
2024-02-07,RVNL.NS
2024-02-07,0JCK.L
2024-02-07,3659.T
2024-02-07,3857.T
2024-02-07,BOMDYEING.NS
2024-02-07,GRWRHITECH.BO
2024-02-07,AARTIIND.BO
2024-02-07,3028.T
2024-02-07,041510.KQ
2024-02-07,0HOU.L
2024-02-07,8193.HK
2024-02-07,VMART.BO
2024-02-07,MP1.AX
2024-02-07,CTA-PA
2024-02-07,MUKANDLTD.NS
2024-02-07,MAXIND.NS
2024-02-07,7267.T
2024-02-07,PDM
2024-02-07,5233.T
2024-02-07,REMEDY.HE
2024-02-07,HEMIPROP.BO
2024-02-07,KER.PA
2024-02-07,ATS
2024-02-07,AVE.AX
2024-02-07,IAR-B.ST
2024-02-07,8129.T
2024-02-07,NAVNETEDUL.NS
2024-02-07,NEM.DE
2024-02-07,MONARCH.BO
2024-02-07,1835.T
2024-02-07,ORLY
2024-02-07,BRIGADE.BO
2024-02-07,BUFAB.ST
2024-02-07,SHEMAROO.NS
2024-02-07,ELK.OL
2024-02-07,MYCR.ST
2024-02-07,6845.T
2024-02-07,APC.AX
2024-02-07,GYLD-B.CO
2024-02-07,ZYDUSWELL.NS
2024-02-07,RMR
2024-02-07,ASIANHOTNR.NS
2024-02-07,ENR.DE
2024-02-07,VADILALIND.BO
2024-02-07,DBO.TO
2024-02-07,ACB.TO
2024-02-07,7609.T
2024-02-07,ANHYT.IS
2024-02-07,USIM5.SA
2024-02-07,EIHOTEL.BO
2024-02-07,ZYDUSWELL.BO
2024-02-07,TTGT
2024-02-07,023530.KS
2024-02-07,NCC.BO
2024-02-07,READ.ST
2024-02-07,2269.T
2024-02-07,KARMAENG.BO
2024-02-07,SCHNEIDER.NS
2024-02-07,CYAN
2024-02-07,SCHNEIDER.BO
2024-02-07,ORX.ST
2024-02-07,URW.PA
2024-02-07,8161.HK
2024-02-07,CMP
2024-02-07,CRAD-B.ST
2024-02-07,MONTECARLO.NS
2024-02-07,CXZ.AX
2024-02-07,KMT
2024-02-07,GRWRHITECH.NS
2024-02-07,BOMDYEING.BO
2024-02-07,9232.T
2024-02-07,MMS
2024-02-07,6907.T
2024-02-07,ENTA
2024-02-07,YCP.DE
2024-02-07,GOKULAGRO.NS
2024-02-07,IQCD.QA
2024-02-07,P9D.SI
2024-02-07,NWSA
2024-02-07,CUP-U.TO
2024-02-07,NFG
2024-02-07,4293.T
2024-02-07,MUSA
2024-02-07,FLT
2024-02-07,9628.T
2024-02-07,1929.T
2024-02-07,6257.T
2024-02-07,GTLINFRA.NS
2024-02-07,PILANIINVS.NS
2024-02-07,CDW
2024-02-07,LDSG.L
2024-02-07,PRECAM.NS
2024-02-07,VERK.HE
2024-02-07,BFX
2024-02-07,SANGHVIMOV.NS
2024-02-07,030610.KS
2024-02-07,CNGO
2024-02-07,CNGO
2024-02-07,LY0.DE
2024-02-07,221840.KQ
2024-02-07,ADA.AX
2024-02-07,VBK.DE
2024-02-07,BLBD
2024-02-07,FTGFF
2024-02-07,500.SI
2024-02-07,FTG.TO
2024-02-07,KN
2024-02-07,WILD.TO
2024-02-07,CMDXF
2024-02-07,EPC
2024-02-07,CIGI.TO
2024-02-07,1893.T
2024-02-07,E3X1.DE
2024-02-07,2784.T
2024-02-07,TRANS.ST
2024-02-07,MPAD
2024-02-07,006120.KS
2024-02-07,VOE.VI
2024-02-07,USAP
2024-02-07,0LHS.L
2024-02-07,ACTI.ST
2024-02-07,8160.HK
2024-02-07,AGUA.MX
2024-02-07,4678.T
2024-02-07,OHI
2024-02-07,TGR.DE
2024-02-07,AAM-PA
2024-02-07,NLCINDIA.NS
2024-02-07,NYT
2024-02-07,079980.KS
2024-02-07,BBOX.BO
2024-02-07,2060.T
2024-02-07,7270.T
2024-02-07,8935.T
2024-02-07,8422.HK
2024-02-07,2433.T
2024-02-07,MB.MI
2024-02-07,3679.T
2024-02-07,8062.HK
2024-02-07,ASGN
2024-02-07,ONEPOINT.NS
2024-02-07,PGF.AX
2024-02-07,DHX
2024-02-07,SHILPAMED.NS
2024-02-07,OLVAS.HE
2024-02-07,ANKITMETAL.NS
2024-02-07,ROLTA.NS
2024-02-07,5741.T
2024-02-07,SAP.JO
2024-02-07,MCFT
2024-02-07,033780.KS
2024-02-07,AKSHOPTFBR.BO
2024-02-07,PPBT.TA
2024-02-07,URW.AS
2024-02-07,GLAND.BK
2024-02-07,IGM.TO
2024-02-07,PAGEIND.NS
2024-02-07,CURO
2024-02-07,COMSYN.BO
2024-02-07,ZOMATO.NS
2024-02-07,SURYODAY.NS
2024-02-07,9986.T
2024-02-07,COMSYN.BO
2024-02-07,TRIGYN.NS
2024-02-07,M7T.AX
2024-02-07,SAKSOFT.BO
2024-02-07,0J0P.L
2024-02-07,9763.T
2024-02-07,ALL
2024-02-07,XST.AX
2024-02-07,3036.T
2024-02-07,HRX.TO
2024-02-07,PLAKR.AT
2024-02-07,LAXMIMACH.NS
2024-02-07,8316.HK
2024-02-07,9537.T
2024-02-07,MTRX
2024-02-07,SL.MI
2024-02-07,SMSPHARMA.NS
2024-02-07,EEFT
2024-02-07,BACTI-B.ST
2024-02-07,3101.T
2024-02-07,039570.KS
2024-02-07,QAMC.QA
2024-02-07,183190.KS
2024-02-07,VENKEYS.NS
2024-02-07,BBD-B.TO
2024-02-07,ATEA.OL
2024-02-07,BALRAMCHIN.NS
2024-02-07,ESSARSHPNG.NS
2024-02-07,FORCEMOT.NS
2024-02-07,EWS.V
2024-02-07,7702.T
2024-02-07,APPS
2024-02-07,5208.T
2024-02-07,VISHAL.NS
2024-02-07,4554.T
2024-02-07,PCSV
2024-02-07,NWS
2024-02-07,000230.KS
2024-02-07,7266.T
2024-02-07,PERI
2024-02-07,ORISSAMINE.NS
2024-02-07,0JZ1.L
2024-02-07,034730.KS
2024-02-07,KOKUYOCMLN.BO
2024-02-07,KOKUYOCMLN.NS
2024-02-07,BELL.SW
2024-02-07,ATS
2024-02-07,TNPETRO.BO
2024-02-07,DAY
2024-02-07,MKSI
2024-02-07,STE
2024-02-07,NLY
2024-02-07,1768.T
2024-02-07,ALGT
2024-02-07,8061.T
2024-02-07,OBGRF
2024-02-07,5852.T
2024-02-07,4485.T
2024-02-07,EFX
2024-02-07,PAG
2024-02-07,4582.T
2024-02-07,8143.HK
2024-02-07,BG
2024-02-07,MTG-B.ST
2024-02-07,OMKARCHEM.BO
2024-02-07,NESTE.HE
2024-02-07,EG
2024-02-07,PFC.BO
2024-02-07,PYPL
2024-02-07,RRX
2024-02-07,BBDO
2024-02-07,UNOMINDA.BO
2024-02-07,AOT.BK
2024-02-07,8317.HK
2024-02-07,3328.T
2024-02-07,GPRO
2024-02-07,KNRCON.NS
2024-02-07,CEMEXCPO.MX
2024-02-07,IFP.TO
2024-02-07,8159.T
2024-02-07,9001.T
2024-02-07,0J4X.L
2024-02-07,CDSL.NS
2024-02-07,PAYC
2024-02-07,TORNTPOWER.BO
2024-02-07,0R2I.L
2024-02-07,0IPB.L
2024-02-07,6458.T
2024-02-07,EVEREADY.BO
2024-02-07,6357.T
2024-02-07,FROTO.IS
2024-02-07,CC3.SI
2024-02-07,MONTECARLO.BO
2024-02-07,017800.KS
2024-02-07,BMED.MI
2024-02-07,MENONBE.BO
2024-02-07,FLNG.OL
2024-02-07,ILU.DE
2024-02-07,067630.KQ
2024-02-07,SPOL.OL
2024-02-07,IGIFF
2024-02-07,ELEC.PA
2024-02-07,ENDURANCE.BO
2024-02-07,AMBICAAGAR.BO
2024-02-07,LFIC.NS
2024-02-07,GGC.BK
2024-02-07,OMF
2024-02-07,CGX.TO
2024-02-07,VSTS
2024-02-07,8121.HK
2024-02-07,1799.T
2024-02-07,DXI.AX
2024-02-07,SALSTEEL.NS
2024-02-07,BIR.TO
2024-02-07,MC
2024-02-07,MIRCELECTR.NS
2024-02-07,ANUP.NS
2024-02-07,HMN
2024-02-07,RM
2024-02-07,8524.T
2024-02-07,8214.T
2024-02-07,6362.T
2024-02-07,139130.KS
2024-02-07,004370.KS
2024-02-07,COOR.ST
2024-02-07,8026.HK
2024-02-07,GPSC.BK
2024-02-07,TWIN
2024-02-07,1023.KL
2024-02-07,IRX.AX
2024-02-07,096760.KS
2024-02-07,CIV.PA
2024-02-07,VIKASLIFE.NS
2024-02-07,YUM
2024-02-07,5261.T
2024-02-07,MBAPL.NS
2024-02-07,7927.T
2024-02-07,8928.T
2024-02-07,9031.T
2024-02-07,BANG.BO
2024-02-07,4389.T
2024-02-07,KYLO.AT
2024-02-07,BCE.TO
2024-02-07,BTPS.JK
2024-02-07,NESTLEIND.NS
2024-02-07,KBC.BR
2024-02-07,0J2I.L
2024-02-07,NMRA
2024-02-07,TEL.OL
2024-02-07,IMAGICAA.BO
2024-02-07,4326.T
2024-02-07,KNOW.ST
2024-02-07,GANDHITUBE.BO
2024-02-07,CG
2024-02-07,SAVE
2024-02-07,030200.KS
2024-02-07,6113.T
2024-02-07,VWS.CO
2024-02-07,REYN
2024-02-07,JPINFRATEC.NS
2024-02-07,ACLS
2024-02-07,7628.T
2024-02-07,1888.T
2024-02-07,0HHP.L
2024-02-07,SABEVENTS.NS
2024-02-07,KYOCY
2024-02-07,7417.T
2024-02-07,FORM
2024-02-07,PENG-B.ST
2024-02-07,TTE
2024-02-07,SAVE.PA
2024-02-07,0KNY.L
2024-02-07,002380.KS
2024-02-07,DPWIRES.NS
2024-02-07,6197.T
2024-02-07,7822.T
2024-02-07,7399.T
2024-02-07,8532.HK
2024-02-07,POKARNA.NS
2024-02-07,SANDHAR.NS
2024-02-07,069080.KQ
2024-02-07,8371.HK
2024-02-07,SHRG
2024-02-07,210540.KS
2024-02-07,GABRIEL.NS
2024-02-07,CVS.DE
2024-02-07,8516.HK
2024-02-07,3402.T
2024-02-07,LYKALABS.BO
2024-02-07,032350.KS
2024-02-07,MGR.AX
2024-02-07,035760.KQ
2024-02-07,JAMNAAUTO.NS
2024-02-07,HKSAV.HE
2024-02-07,7201.T
2024-02-07,GOKULAGRO.BO
2024-02-07,9401.T
2024-02-07,ESCORTS.BO
2024-02-07,CVS
2024-02-07,VNDA
2024-02-07,AF.PA
2024-02-07,0LD5.L
2024-02-07,SONAMCLOCK.NS
2024-02-07,ARCC
2024-02-07,INSPIRISYS.BO
2024-02-07,SPTL.NS
2024-02-07,RATNAMANI.NS
2024-02-07,ORIENTLTD.BO
2024-02-07,SOBHA.BO
2024-02-07,SVM.TO
2024-02-07,PAKKA.NS
2024-02-07,NHTC
2024-02-07,GOLDIAM.BO
2024-02-07,8131.T
2024-02-07,RTNINDIA.NS
2024-02-07,KSC.DE
2024-02-07,MEDICAMEQ.BO
2024-02-07,ELECTCAST.NS
2024-02-07,069260.KS
2024-02-07,3852.T
2024-02-07,FDC.BO
2024-02-07,GMKN.ME
2024-02-07,FSC.BO
2024-02-07,HCG.BO
2024-02-07,HELG.OL
2024-02-07,0HIN.L
2024-02-07,4162.KL
2024-02-07,COMPUSOFT.BO
2024-02-07,TOP.BK
2024-02-07,PNC.BO
2024-02-07,MEGASOFT.BO
2024-02-07,ASTRAMICRO.BO
2024-02-07,BAGFILMS.BO
2024-02-07,GOKEX.BO
2024-02-07,AAK.ST
2024-02-07,SGL.BO
2024-02-07,UHAL.B
2024-02-07,FORTIS.BO
2024-02-07,V2RETAIL.BO
2024-02-07,YASHO.BO
2024-02-07,PURVA.BO
2024-02-07,SANDUMA.BO
2024-02-07,BTML.NS
2024-02-07,PRECWIRE.NS
2024-02-07,MADRASFERT.BO
2024-02-07,ORISSAMINE.BO
2024-02-07,KCP.BO
2024-02-07,EQUIPPP.BO
2024-02-07,INDIANHUME.BO
2024-02-07,PFGC
2024-02-07,3289.T
2024-02-07,004490.KS
2024-02-07,LICI.BO
2024-02-07,WEL.BO
2024-02-07,NYKAA.BO
2024-02-07,POLICYBZR.BO
2024-02-07,SURYODAY.BO
2024-02-07,INDIGOPNTS.BO
2024-02-07,SECMARK.BO
2024-02-07,0QZ2.L
2024-02-07,8125.HK
2024-02-07,RVNL.BO
2024-02-07,GRSE.BO
2024-02-07,LEMONTREE.BO
2024-02-07,APOLLO.BO
2024-02-07,COCHINSHIP.BO
2024-02-07,SMSLIFE.BO
2024-02-07,PILANIINVS.BO
2024-02-07,ALKEM.BO
2024-02-07,BABA.SW
2024-02-07,KANPRPLA.BO
2024-02-07,UBL.BO
2024-02-07,VONN.SW
2024-02-07,XFAB.PA
2024-02-07,IX
2024-02-07,MAHAPEXLTD.BO
2024-02-07,RUS.TO
2024-02-07,OSWALGREEN.BO
2024-02-07,8136.HK
2024-02-07,AARTIIND.NS
2024-02-07,DHAMPURSUG.BO
2024-02-07,BALMLAWRIE.NS
2024-02-07,SHIVALIK.BO
2024-02-07,ARM
2024-02-07,VRLLOG.BO
2024-02-07,8919.T
2024-02-07,INOXWIND.BO
2024-02-07,9409.T
2024-02-07,THERMAX.BO
2024-02-07,BERY
2024-02-07,RRR
2024-02-07,OMINFRAL.NS
2024-02-07,BIOX+
2024-02-07,0REK.L
2024-02-07,FPAR-A.ST
2024-02-07,BALMLAWRIE.BO
2024-02-07,TFII.TO
2024-02-07,BCONCEPTS.BO
2024-02-07,4092.T
2024-02-07,ORIENTPPR.NS
2024-02-07,CAMS.BO
2024-02-07,RSVR
2024-02-07,ETTE.HE
2024-02-07,AMBIKCO.BO
2024-02-07,SFL.BO
2024-02-07,GREEN.ST
2024-02-07,2209.T
2024-02-07,ADNT
2024-02-07,8645.HK
2024-02-07,EMR
2024-02-07,ELECTHERM.BO
2024-02-07,MARATHON.NS
2024-02-07,NAVNETEDUL.BO
2024-02-07,LSPD.TO
2024-02-07,PATANJALI.BO
2024-02-07,BCG.BO
2024-02-07,8028.HK
2024-02-07,CE.MI
2024-02-07,HMT.BO
2024-02-07,ESCORTS.NS
2024-02-07,UHAL
2024-02-07,HONAUT.BO
2024-02-07,RTNINDIA.BO
2024-02-07,ELGIRUBCO.NS
2024-02-07,NDRAUTO.BO
2024-02-07,RATNAMANI.BO
2024-02-07,RUPA.BO
2024-02-07,MHLXMIRU.BO
2024-02-07,4613.T
2024-02-07,REDINGTON.BO
2024-02-07,COASTCORP.BO
2024-02-07,JETAIRWAYS.BO
2024-02-07,FMNL.BO
2024-02-07,RICOAUTO.NS
2024-02-07,ASHOKA.BO
2024-02-07,7291.T
2024-02-07,9843.T
2024-02-07,TPIPP.BK
2024-02-07,OIL.BO
2024-02-07,SITINET.BO
2024-02-07,PATINTLOG.BO
2024-02-07,ESSARSHPNG.BO
2024-02-07,AKSO.OL
2024-02-07,FORCEMOT.BO
2024-02-07,ESABINDIA.BO
2024-02-07,DG.PA
2024-02-07,GTL.BO
2024-02-07,FINCABLES.BO
2024-02-07,KIRLOSBROS.BO
2024-02-07,KAKATCEM.BO
2024-02-07,MIRCELECTR.BO
2024-02-07,NEULANDLAB.BO
2024-02-07,SANDHAR.BO
2024-02-07,RSWM.BO
2024-02-07,HINDALCO.BO
2024-02-07,MUKANDLTD.BO
2024-02-07,5186.KL
2024-02-07,MAYURUNIQ.BO
2024-02-07,DCM.BO
2024-02-07,NIPPOBATRY.BO
2024-02-07,RUBYMILLS.BO
2024-02-07,UNIVCABLES.BO
2024-02-07,SARDAEN.BO
2024-02-07,ACL.BO
2024-02-07,DYNAMATECH.BO
2024-02-07,DOLATALGO.BO
2024-02-07,BHARATGEAR.BO
2024-02-07,DMCC.BO
2024-02-07,ASTRAZEN.BO
2024-02-07,FIBERWEB.BO
2024-02-07,GUFICBIO.BO
2024-02-07,AUSOMENT.BO
2024-02-07,BBDBN.MX
2024-02-07,EPL.BO
2024-02-07,8358.T
2024-02-07,RAMCOCEM.NS
2024-02-07,XPO
2024-02-07,CREST.BO
2024-02-07,ELECTCAST.BO
2024-02-07,IMAGICAA.NS
2024-02-07,NILASPACES.BO
2024-02-07,ADDT-B.ST
2024-02-07,APOLLOHOSP.BO
2024-02-07,JTEKTINDIA.BO
2024-02-07,SURYAROSNI.BO
2024-02-07,8713.T
2024-02-07,VINDHYATEL.BO
2024-02-07,8041.HK
2024-02-07,TRIGYN.BO
2024-02-07,8221.HK
2024-02-07,ORIENTPPR.BO
2024-02-07,PRECWIRE.BO
2024-02-07,MSGE
2024-02-07,ADVANIHOTR.BO
2024-02-07,KOVAI.BO
2024-02-07,6120.TW
2024-02-07,7458.T
2024-02-07,KOPRAN.BO
2024-02-07,TVK.TO
2024-02-07,SUKHJITS.BO
2024-02-07,METSB.HE
2024-02-07,BIRLACORPN.BO
2024-02-07,JAICORPLTD.NS
2024-02-07,WSP.AX
2024-02-07,TIMESGTY.BO
2024-02-07,JKLAKSHMI.BO
2024-02-07,RAMCOCEM.BO
2024-02-07,DSSL.BO
2024-02-07,NATCOPHARM.BO
2024-02-07,JKPAPER.BO
2024-02-07,SAKSOFT.NS
2024-02-07,GICRE.BO
2024-02-07,CENTUM.BO
2024-02-07,ACE.BO
2024-02-07,MLVF
2024-02-07,ONMOBILE.BO
2024-02-07,UCAL.BO
2024-02-07,TIL.BO
2024-02-07,GUFICBIO.NS
2024-02-07,STARCEMENT.BO
2024-02-07,BIOCON.BO
2024-02-07,VASCONEQ.BO
2024-02-07,GRPLTD.BO
2024-02-07,NBIX
2024-02-07,SOFTTECH.BO
2024-02-07,SMSPHARMA.BO
2024-02-07,9984.T
2024-02-07,TCL.AX
2024-02-07,DICIND.BO
2024-02-07,VINP
2024-02-07,GPIL.BO
2024-02-07,BGN.MI
2024-02-07,ZEELEARN.BO
2024-02-07,RAMCOIND.BO
2024-02-07,HEXATRADEX.BO
2024-02-07,ALEMBICLTD.BO
2024-02-07,DBOXF
2024-02-07,SHREERAMA.BO
2024-02-07,3109.T
2024-02-07,ZOMATO.BO
2024-02-07,API.CN
2024-02-07,PARAGMILK.BO
2024-02-07,AGI.BO
2024-02-07,HIRECT.NS
2024-02-07,SHILPAMED.BO
2024-02-07,PUNJABCHEM.BO
2024-02-07,4100.SR
2024-02-07,ICDSLTD.BO
2024-02-07,ZOTA.NS
2024-02-07,ASTERDM.BO
2024-02-07,1980.T
2024-02-07,THERMAX.NS
2024-02-07,21STCENMGM.BO
2024-02-07,NTGR
2024-02-07,DBOXF
2024-02-07,NECCLTD.BO
2024-02-07,PATANJALI.NS
2024-02-07,KPIGREEN.BO
2024-02-07,SMLT.BO
2024-02-07,HITECHCORP.NS
2024-02-07,IDGBF
2024-02-07,CNOVAPETRO.NS
2024-02-07,1375.T
2024-02-07,032640.KS
2024-02-07,6785.T
2024-02-07,FR
2024-02-07,BALRAMCHIN.BO
2024-02-07,GSFC.BO
2024-02-07,2702.T
2024-02-07,RDWR
2024-02-07,1852.T
2024-02-07,MMTC.BO
2024-02-07,RDN
2024-02-07,4564.T
2024-02-07,MANAPPURAM.BO
2024-02-07,HIKAL.BO
2024-02-07,BIOCON.NS
2024-02-07,1821.T
2024-02-07,POCL.BO
2024-02-07,GABRIEL.BO
2024-02-07,GENUSPOWER.NS
2024-02-07,LOGG3.SA
2024-02-07,IBREALEST.NS
2024-02-07,8501.HK
2024-02-07,8086.T
2024-02-07,004170.KS
2024-02-07,UDAICEMENT.BO
2024-02-07,SMG
2024-02-07,FREJA.ST
2024-02-07,21P1.F
2024-02-07,INDORAMA.NS
2024-02-07,4I1.DE
2024-02-07,HLT
2024-02-07,2PP.F
2024-02-07,YIT.HE
2024-02-07,PAKKA.BO
2024-02-07,4337.T
2024-02-07,001800.KS
2024-02-07,8200.HK
2024-02-07,GEOS
2024-02-07,6678.T
2024-02-07,AZTA
2024-02-07,IC2.DE
2024-02-07,DNORD.CO
2024-02-07,MCK
2024-02-07,MING.OL
2024-02-07,9304.T
2024-02-07,FIRE.JK
2024-02-07,BTL.DE
2024-02-07,COASTCORP.NS
2024-02-07,HNDFDS.NS
2024-02-07,0I4T.L
2024-02-07,MAC
2024-02-07,OR.PA
2024-02-07,AAATECH.BO
2024-02-07,CENTA
2024-02-07,PNC.NS
2024-02-07,CCP.L
2024-02-07,SLQT
2024-02-07,HAIN
2024-02-07,BTML.BO
2024-02-07,VALMT.HE
2024-02-07,4477.T
2024-02-07,GFF
2024-02-07,3IINFOLTD.NS
2024-02-07,CRTO
2024-02-07,AGL.AX
2024-02-07,BAX.SW
2024-02-07,2160.SR
2024-02-07,AGI.NS
2024-02-07,ITDCEM.BO
2024-02-07,1885.T
2024-02-07,OSCR
2024-02-07,SLAB
2024-02-07,TFCILTD.NS
2024-02-07,019680.KS
2024-02-07,3677.T
2024-02-07,KARE.AT
2024-02-07,MAHAPEXLTD.NS
2024-02-07,UDCD.QA
2024-02-07,7322.T
2024-02-07,MURUDCERA.BO
2024-02-07,ASHIMASYN.BO
2024-02-07,1801.T
2024-02-07,8423.HK
2024-02-07,0QK8.L
2024-02-07,REFEX.BO
2024-02-07,6550.T
2024-02-07,INTR
2024-02-07,SADBHIN.BO
2024-02-07,HITECHCORP.BO
2024-02-07,TIMESGTY.NS
2024-02-07,INDORAMA.BO
2024-02-07,ASHAPURMIN.BO
2024-02-07,EVEREADY.NS
2024-02-07,CPA
2024-02-07,8413.HK
2024-02-07,BEML.BO
2024-02-07,TATACONSUM.BO
2024-02-07,BEDMUTHA.BO
2024-02-07,079550.KS
2024-02-07,INDOWIND.NS
2024-02-07,RBLX
2024-02-07,0K1E.L
2024-02-07,GGD.TO
2024-02-07,TRI.TO
2024-02-07,OMINFRAL.BO
2024-02-07,ZBH.SW
2024-02-07,8876.T
2024-02-07,BARK
2024-02-07,1720.T
2024-02-07,8596.T
2024-02-07,6330.T
2024-02-07,8844.T
2024-02-07,4218.T
2024-02-07,PFLT
2024-02-07,7917.T
2024-02-07,055550.KS
2024-02-07,MENONBE.NS
2024-02-07,SBCL.NS
2024-02-07,0JZU.L
2024-02-07,CDAY
2024-02-07,MAA
2024-02-07,PAGEIND.BO
2024-02-07,PACT.ST
2024-02-07,AMBIKCO.NS
2024-02-07,0ID1.L
2024-02-07,ASIANHOTNR.BO
2024-02-07,6316.T
2024-02-07,SYNC.L
2024-02-07,SHIVALIK.NS
2024-02-07,DEEPENR.NS
2024-02-07,6730.T
2024-02-07,9908.T
2024-02-07,251270.KS
2024-02-07,4611.T
2024-02-07,1975.T
2024-02-07,KALPATPOWR.NS
2024-02-07,RAIZ4.SA
2024-02-07,WDP.DE
2024-02-07,BAM
2024-02-07,8007.T
2024-02-07,2461.T
2024-02-07,ATORX.ST
2024-02-07,FLNG
2024-02-07,VSH
2024-02-07,0QYD.L
2024-02-07,4636.T
2024-02-07,HINDALCO.NS
2024-02-07,CCORF
2024-02-07,1871.T
2024-02-07,4095.T
2024-02-07,282330.KS
2024-02-07,1803.T
2024-02-07,138040.KS
2024-02-07,TELNY
2024-02-07,8060.HK
2024-02-07,PNDX-B.ST
2024-02-07,5803.T
2024-02-07,8135.T
2024-02-07,KB
2024-02-07,CUZ
2024-02-07,UTI
2024-02-07,INTUCH.BK
2024-02-07,MHH
2024-02-07,GLE.PA
2024-02-07,CSII
2024-02-07,MPWR
2024-02-07,WIN.SW
2024-02-07,POL.OL
2024-02-07,0JC3.L
2024-02-07,TTE.PA
2024-02-07,WBGR-B.ST
2024-02-07,BCONCEPTS.NS
2024-02-07,3984.T
2024-02-07,IFSPF
2024-02-07,MIPS.ST
2024-02-07,8098.HK
2024-02-07,028670.KS
2024-02-07,PSL.BK
2024-02-07,0K2F.L
2024-02-07,9644.T
2024-02-07,2117.T
2024-02-07,0JVV.L
2024-02-07,0KGH.L
2024-02-07,HEXATRADEX.NS
2024-02-07,KCHOL.IS
2024-02-07,8445.HK
2024-02-07,FTT.TO
2024-02-07,9896.T
2024-02-07,3106.T
2024-02-07,MRC.AX
2024-02-07,ENS
2024-02-07,4781.T
2024-02-07,AC.MX
2024-02-07,MAM.AX
2024-02-07,PNNT
2024-02-07,181710.KS
2024-02-07,ALPA4.SA
2024-02-07,0KUT.L
2024-02-07,USX
2024-02-07,SVIK.ST
2024-02-07,VKTX
2024-02-07,6732.TWO
2024-02-07,6715.T
2024-02-07,3417.T
2024-02-07,SLF.TO
2024-02-07,7412.T
2024-02-07,IF.MI
2024-02-07,PRSI
2024-02-07,0HYE.L
2024-02-07,DHAMPURSUG.NS
2024-02-07,4012.T
2024-02-07,DIS
2024-02-07,BANG.NS
2024-02-07,GKWLIMITED.NS
2024-02-07,TMO
2024-02-07,7554.T
2024-02-07,0QYY.L
2024-02-08,AZN
2024-02-08,CYBR
2024-02-08,CLSK
2024-02-08,KIM
2024-02-08,SOMLY
2024-02-08,YAHOY
2024-02-08,COP
2024-02-08,6517.T
2024-02-08,SVV
2024-02-08,REPL
2024-02-08,LVO
2024-02-08,PXLW
2024-02-08,PDEX
2024-02-08,OSBK
2024-02-08,MSI
2024-02-08,AFRM
2024-02-08,AIFLF
2024-02-08,9432.T
2024-02-08,NXEN
2024-02-08,ICE
2024-02-08,LADR
2024-02-08,EMKR
2024-02-08,HAE
2024-02-08,PINS
2024-02-08,DUK
2024-02-08,LEU
2024-02-08,MEIP
2024-02-08,TPR
2024-02-08,PI
2024-02-08,SSMXY
2024-02-08,CIVB
2024-02-08,TROW
2024-02-08,G
2024-02-08,RUSMF
2024-02-08,TPX
2024-02-08,MWRK
2024-02-08,LGRVF
2024-02-08,ATR
2024-02-08,WMG
2024-02-08,ONVO
2024-02-08,MTD
2024-02-08,CIGI
2024-02-08,NNN
2024-02-08,SPSC
2024-02-08,OGI
2024-02-08,EGAN
2024-02-08,BNRE
2024-02-08,LNC
2024-02-08,MODG
2024-02-08,WEX
2024-02-08,GNNDY
2024-02-08,NET
2024-02-08,SVM
2024-02-08,SANG
2024-02-08,LITE
2024-02-08,MPAA
2024-02-08,CSTR
2024-02-08,BABB
2024-02-08,MDU
2024-02-08,ADM
2024-02-08,NGL
2024-02-08,ANIOY
2024-02-08,RLGT
2024-02-08,EVI
2024-02-08,CTRE
2024-02-08,BDRBF
2024-02-08,LEG
2024-02-08,HOG
2024-02-08,CIBN
2024-02-08,BAX
2024-02-08,WMS
2024-02-08,IPG
2024-02-08,SPB
2024-02-08,LIVE
2024-02-08,ACB
2024-02-08,HAYN
2024-02-08,RAMP
2024-02-08,AKRBP.OL
2024-02-08,POWI
2024-02-08,ILMN
2024-02-08,BILL
2024-02-08,PINE
2024-02-08,FARM
2024-02-08,APDN
2024-02-08,TRUMY
2024-02-08,FLUX
2024-02-08,PBH
2024-02-08,POKARNA.BO
2024-02-08,DYNT
2024-02-08,RBC
2024-02-08,NGVC
2024-02-08,NTTYY
2024-02-08,NOMNF
2024-02-08,PFX
2024-02-08,DXCM
2024-02-08,AXTA
2024-02-08,DNTH
2024-02-08,FRD
2024-02-08,8850.T
2024-02-08,VERU
2024-02-08,SIEGY
2024-02-08,PWP
2024-02-08,ACL.JO
2024-02-08,NINOF
2024-02-08,BTI
2024-02-08,SAPIF
2024-02-08,ARES
2024-02-08,CRARY
2024-02-08,STRT
2024-02-08,SWI
2024-02-08,MVO
2024-02-08,KBCSY
2024-02-08,NRIX
2024-02-08,SPGI
2024-02-08,RSSS
2024-02-08,RICK
2024-02-08,NSP
2024-02-08,BWA
2024-02-08,VOC
2024-02-08,ITI
2024-02-08,APO
2024-02-08,LSPD
2024-02-08,NSANY
2024-02-08,ITT
2024-02-08,GTES
2024-02-08,MESA
2024-02-08,BBD
2024-02-08,CVKD
2024-02-08,MHK
2024-02-08,PECO
2024-02-08,NINOY
2024-02-08,VRSN
2024-02-08,POWW
2024-02-08,REG
2024-02-08,UL
2024-02-08,MITEY
2024-02-08,DNBBY
2024-02-08,RXO
2024-02-08,LQDT
2024-02-08,UA
2024-02-08,FEAM
2024-02-08,FMST
2024-02-08,JRSH
2024-02-08,BTU
2024-02-08,MWA
2024-02-08,PEAK
2024-02-08,IRMD
2024-02-08,SSTK
2024-02-08,ABG
2024-02-08,LGF.B
2024-02-08,TDG
2024-02-08,PATK
2024-02-08,LTRX
2024-02-08,ESE
2024-02-08,ONTO
2024-02-08,BPT
2024-02-08,CX
2024-02-08,TRRSF
2024-02-08,STEP
2024-02-08,AENT
2024-02-08,HSY
2024-02-08,MT
2024-02-08,CZNC
2024-02-08,TRI
2024-02-08,SRTS
2024-02-08,CDP
2024-02-08,UAA
2024-02-08,7734.T
2024-02-08,4620.T
2024-02-08,K
2024-02-08,DOCS
2024-02-08,SNA
2024-02-08,UHG
2024-02-08,EXPE
2024-02-08,FLO
2024-02-08,9306.T
2024-02-08,CRIS
2024-02-08,TOELY
2024-02-08,ZURVY
2024-02-08,KVUE
2024-02-08,SRCE
2024-02-08,WLDBF
2024-02-08,TEX
2024-02-08,AIRC
2024-02-08,SPH
2024-02-08,BAP
2024-02-08,PETS
2024-02-08,ADXS
2024-02-08,BN
2024-02-08,SCMWY
2024-02-08,TFII
2024-02-08,SUOPY
2024-02-08,PCTY
2024-02-08,ARW
2024-02-08,BYD
2024-02-08,CTLP
2024-02-08,BCE
2024-02-08,TTWO
2024-02-08,SYNA
2024-02-08,QMCO
2024-02-08,OMCL
2024-02-08,BRKR
2024-02-08,THC
2024-02-08,LGF-A
2024-02-08,FE
2024-02-08,ESMT
2024-02-08,VVI
2024-02-08,BDC
2024-02-08,PM
2024-02-08,NKSH
2024-02-08,BHM
2024-02-08,CCJ
2024-02-08,CPRI
2024-02-08,RL
2024-02-08,CPXGF
2024-02-08,BCAL
2024-02-08,NVNO
2024-02-08,BIOX
2024-02-08,DT
2024-02-08,IIIV
2024-02-08,VCTR
2024-02-08,ZBH
2024-02-08,IMKTA
2024-02-08,TSBX
2024-02-08,SLI
2024-02-08,LVWR
2024-02-08,CALC
2024-02-08,IBEX
2024-02-08,AIRT
2024-02-08,LPTH
2024-02-08,SGE
2024-02-08,CKX
2024-02-08,COEP
2024-02-08,CTNT
2024-02-08,TORO
2024-02-08,PODC
2024-02-08,SPGC
2024-02-08,MAS
2024-02-08,NTDTY
2024-02-08,PRO
2024-02-08,NETI
2024-02-08,SSIC
2024-02-08,TU
2024-02-08,NEN
2024-02-08,LGF.A
2024-02-08,FORR
