Date,Close/Last,Volume,Open,High,Low
04/22/2024,17350.00,633920,17228.25,17448.00,17148.50
04/19/2024,17180.75,1012695,17530.75,17553.25,17113.25
04/18/2024,17547.25,749861,17669.75,17770.75,17506.25
04/17/2024,17658.50,835862,17897.00,17968.50,17615.25
04/16/2024,17881.25,759303,17879.00,17988.00,17792.00
04/15/2024,17876.25,788744,18151.00,18350.75,17841.50
04/12/2024,18179.25,770757,18486.25,18507.75,18120.25
04/11/2024,18485.00,718582,18184.00,18518.75,18088.00
04/10/2024,18196.75,863059,18381.00,18474.25,18053.50
04/09/2024,18359.75,691192,18314.75,18407.25,18160.75
04/08/2024,18295.00,521193,18348.25,18376.00,18237.50
04/05/2024,18300.75,796179,18086.25,18408.25,18051.50
04/04/2024,18076.75,762137,18388.50,18568.00,18055.25
04/03/2024,18373.25,587722,18345.00,18451.75,18232.50
04/02/2024,18330.00,606900,18497.25,18511.00,18201.50
04/01/2024,18497.25,562901,18503.00,18612.00,18414.50
03/28/2024,18475.00,505559,18505.00,18538.75,18447.50
03/27/2024,18503.75,594550,18477.50,18571.75,18378.50
03/26/2024,18449.00,511102,18531.25,18619.00,18439.25
03/25/2024,18513.50,452098,18567.00,18601.25,18414.75
03/22/2024,18574.75,505440,18580.50,18626.00,18492.00
03/21/2024,18561.75,599748,18539.75,18709.00,18526.75
03/20/2024,18479.75,608977,18274.00,18545.00,18227.50
03/19/2024,18270.00,654414,18222.00,18289.25,18053.25
03/18/2024,18231.50,644800,18073.50,18381.00,18062.25
03/15/2024,18058.75,678085,18251.00,18322.75,18006.25
03/14/2024,18271.75,814184,18342.00,18428.25,18161.25
03/13/2024,18078.50,170668,18218.00,18256.50,18033.25
03/12/2024,18227.75,272227,18010.50,18241.75,17930.00
03/11/2024,17971.00,465594,18056.00,18068.25,17890.50
03/08/2024,18046.75,1035986,18279.00,18436.50,18012.50
03/07/2024,18316.25,751830,18041.00,18360.00,17915.75
03/06/2024,18044.25,800576,17981.00,18174.25,17942.50
03/05/2024,17930.25,788530,18246.00,18252.00,17832.50
03/04/2024,18262.00,563068,18336.00,18377.75,18234.25
03/01/2024,18338.25,628797,18075.00,18372.75,18029.50
02/29/2024,18082.75,672186,17870.00,18109.50,17826.00
02/28/2024,17915.25,547435,18017.50,18019.75,17846.25
02/27/2024,18021.00,563763,17951.00,18040.25,17908.75
02/26/2024,17977.00,520783,17961.50,18059.50,17922.00
02/23/2024,17991.00,651718,18023.25,18144.75,17946.00
02/22/2024,18047.50,746594,17702.50,18087.00,17676.00
02/21/2024,17536.75,718203,17573.00,17723.00,17372.75
02/20/2024,17607.25,880047,17787.75,17807.50,17452.50
02/16/2024,17744.00,734139,17952.00,18026.00,17715.00
02/15/2024,17912.75,654026,17870.00,17968.25,17780.50
02/14/2024,17881.00,683386,17703.00,17887.00,17669.25
02/13/2024,17676.75,842633,17928.50,17963.25,17542.00
02/12/2024,17965.00,533796,18040.00,18121.50,17911.25
02/09/2024,18039.25,491033,17854.25,18071.00,17852.25
02/08/2024,17868.25,465128,17856.25,17896.50,17792.25
02/07/2024,17841.75,603724,17645.75,17875.50,17629.75
02/06/2024,17660.00,617170,17698.50,17769.00,17560.75
02/05/2024,17700.00,615101,17696.00,17745.50,17554.25
02/02/2024,17732.75,750536,17588.00,17775.50,17465.50
02/01/2024,17436.75,697994,17273.25,17646.75,17262.75
01/31/2024,17242.25,804050,17415.50,17484.00,17221.50
01/30/2024,17588.50,547660,17711.75,17735.75,17467.00
01/29/2024,17706.00,560930,17502.00,17716.25,17457.50
01/26/2024,17527.00,626231,17571.25,17632.00,17466.00
01/25/2024,17634.50,702684,17614.75,17752.00,17542.00
01/24/2024,17621.00,711690,17554.00,17793.50,17552.25
01/23/2024,17531.25,501030,17461.00,17558.25,17409.50
01/22/2024,17458.50,626094,17466.00,17585.00,17434.00
01/19/2024,17438.50,728404,17116.00,17448.00,17107.25
01/18/2024,17110.00,822308,16854.50,17125.75,16834.25
01/17/2024,16869.75,705516,16978.00,16982.00,16689.25
01/16/2024,16966.50,806735,16961.00,17033.75,16811.75
01/12/2024,16969.25,587807,16957.75,17042.50,16866.50
01/11/2024,16966.25,748822,16955.00,17057.00,16753.00
01/10/2024,16945.25,544174,16829.50,16983.00,16801.50
01/09/2024,16830.25,598121,16788.00,16868.50,16657.75
01/08/2024,16803.75,537902,16470.00,16811.25,16378.25
01/05/2024,16460.25,620914,16455.00,16577.25,16334.25
01/04/2024,16445.00,551435,16545.25,16587.25,16436.00
01/03/2024,16538.00,668605,16736.75,16737.25,16522.00
01/02/2024,16720.00,634412,17019.00,17038.50,16622.50
12/29/2023,17023.50,461038,17090.25,17131.00,16938.25
12/28/2023,17090.50,353168,17127.00,17165.25,17077.75
12/27/2023,17113.25,417149,17090.25,17133.00,17055.50
12/26/2023,17083.50,286290,16964.50,17111.25,16964.50
12/22/2023,16980.00,478795,16956.00,17041.50,16891.50
12/21/2023,16956.50,619997,16790.25,16970.25,16790.25
12/20/2023,16766.25,643249,17024.00,17073.50,16758.50
12/19/2023,17023.00,487851,16917.00,17029.50,16910.75
12/18/2023,16939.75,447933,16820.25,16974.00,16802.25
12/15/2023,16820.25,649250,16739.25,16887.25,16732.25
12/14/2023,16753.00,782167,16777.50,16885.00,16628.00
12/13/2023,16777.25,667149,16596.00,16806.50,16576.00
12/12/2023,16362.75,245781,16240.00,16389.50,16185.25
12/11/2023,16237.00,384635,16093.00,16248.00,16045.50
12/08/2023,16098.25,582019,16017.50,16118.75,15888.25
12/07/2023,16038.75,626255,15814.50,16066.00,15791.00
12/06/2023,15815.25,667019,15897.00,16037.75,15802.00
12/05/2023,15908.75,677305,15863.25,15961.00,15761.25
12/04/2023,15869.00,710079,15968.50,15976.25,15721.25
12/01/2023,16023.75,617079,15955.00,16050.00,15864.00
11/30/2023,15985.50,677209,16040.25,16098.50,15856.00
11/29/2023,16023.75,629590,16055.50,16208.50,16013.50
11/28/2023,16048.00,592482,16005.25,16071.50,15945.25
11/27/2023,16008.75,499472,16008.00,16089.25,15938.75
11/24/2023,16021.00,294132,16062.50,16086.50,15981.75
11/22/2023,16049.25,618411,15967.25,16173.50,15942.75
11/21/2023,15990.25,568622,16087.50,16122.50,15912.00
11/20/2023,16086.50,553954,15895.00,16116.75,15837.25
11/17/2023,15895.75,556362,15876.75,15903.25,15873.50
11/16/2023,15897.50,627594,15900.75,15902.00,15896.75
11/15/2023,15889.25,676443,15895.00,16049.50,15832.25
11/14/2023,15879.75,645937,15558.00,15918.75,15552.00
11/13/2023,15547.00,526570,15586.25,15601.25,15465.25
11/10/2023,15596.25,663399,15254.75,15612.75,15207.25
11/09/2023,15256.00,700680,15356.25,15453.75,15236.75
11/08/2023,15386.50,541605,15373.00,15417.50,15286.75
11/07/2023,15374.25,571889,15215.00,15412.25,15176.00
11/06/2023,15232.50,490563,15187.00,15257.50,15138.00
11/03/2023,15178.75,625936,14928.00,15228.50,14925.50
11/02/2023,14998.00,639913,14761.25,15017.25,14760.00
11/01/2023,14744.50,734920,14460.00,14762.00,14410.75
10/31/2023,14490.25,708483,14410.50,14503.75,14311.25
10/30/2023,14416.50,700056,14336.00,14476.50,14303.00
10/27/2023,14265.25,774973,14248.25,14407.75,14209.75
10/26/2023,14194.00,980107,14425.00,14459.00,14140.25
10/25/2023,14478.25,806020,14828.00,14855.00,14444.00
10/24/2023,14846.50,696848,14744.00,14948.75,14706.00
10/23/2023,14712.00,757405,14763.50,14853.75,14699.25
10/20/2023,14664.00,831922,14850.00,14887.50,14645.00
10/19/2023,14890.00,1010847,15045.00,15138.25,14839.50
10/18/2023,15025.25,848021,15236.50,15238.25,14979.25
10/17/2023,15240.75,773584,15305.75,15309.25,15050.25
10/16/2023,15289.50,635109,15120.00,15336.75,15083.00
10/13/2023,15120.25,768386,15324.00,15366.75,15062.25
10/12/2023,15315.00,739285,15423.75,15468.75,15216.25
10/11/2023,15380.00,608397,15282.25,15416.75,15253.00
10/10/2023,15270.75,639860,15196.50,15383.50,15171.75
10/09/2023,15187.00,610104,15040.25,15212.75,14949.50
10/06/2023,15112.00,826873,14853.75,15160.25,14660.00
10/05/2023,14861.75,667596,14903.00,14958.75,14716.25
10/04/2023,14923.75,794668,14713.75,14956.00,14589.00
10/03/2023,14714.50,754577,14989.50,15031.00,14651.50
10/02/2023,14984.75,757388,14965.00,15046.00,14826.00
09/29/2023,14866.50,734533,14876.50,15060.75,14811.00
09/28/2023,14859.75,723817,14772.50,14947.50,14658.00
09/27/2023,14739.00,708203,14725.25,14821.50,14586.00
09/26/2023,14715.00,660071,14949.00,14949.00,14666.25
09/25/2023,14935.25,564975,14880.25,14955.75,14782.25
09/22/2023,14869.50,617754,14854.50,15027.50,14836.25
09/21/2023,14862.75,685546,15133.25,15149.00,14841.00
09/20/2023,15152.00,598673,15375.25,15436.25,15127.00
09/19/2023,15375.25,544531,15424.25,15442.25,15248.50
09/18/2023,15414.50,502078,15382.25,15461.00,15330.50
09/15/2023,15392.25,685055,15677.00,15719.75,15356.75
09/14/2023,15673.50,643668,15569.00,15714.50,15531.00
09/13/2023,15356.25,182406,15308.50,15424.25,15212.75
09/12/2023,15304.75,244910,15466.50,15480.75,15288.75
09/11/2023,15475.75,404547,15384.50,15497.50,15396.25
09/08/2023,15297.50,593361,15286.25,15390.75,15223.00
09/07/2023,15282.25,635737,15385.00,15395.75,15157.50
09/06/2023,15399.50,590854,15511.25,15533.00,15310.50
09/05/2023,15534.50,601192,15527.75,15586.75,15418.25
09/01/2023,15516.25,568407,15534.00,15661.25,15454.00
08/31/2023,15538.50,580374,15513.75,15606.75,15460.00
08/30/2023,15501.25,586775,15427.50,15522.75,15361.50
08/29/2023,15415.75,606214,15098.75,15430.50,15049.75
08/28/2023,15092.50,583840,14991.00,15126.50,14973.50
08/25/2023,14979.25,813306,14834.00,15027.00,14777.00
08/24/2023,14862.00,839718,15333.00,15418.00,14817.00
08/23/2023,15195.50,596861,14959.75,15356.75,14957.25
08/22/2023,14958.50,617564,14974.50,15118.25,14932.00
08/21/2023,14985.75,632589,14762.50,15013.75,14720.50
08/18/2023,14744.00,722334,14748.00,14802.75,14609.25
08/17/2023,14778.00,674027,14940.25,15018.25,14738.25
08/16/2023,14942.25,633391,15110.75,15166.00,14921.50
08/15/2023,15106.50,586845,15279.00,15335.00,15074.75
08/14/2023,15270.25,551556,15104.00,15282.00,15020.75
08/11/2023,15095.75,609792,15219.00,15266.75,15037.25
08/10/2023,15201.25,790101,15202.50,15442.25,15136.00
08/09/2023,15178.25,645554,15404.75,15427.50,15146.50
08/08/2023,15354.25,631724,15495.00,15497.75,15218.00
08/07/2023,15485.50,572868,15370.50,15495.50,15334.25
08/04/2023,15354.00,762464,15441.00,15610.25,15336.50
08/03/2023,15438.75,652886,15455.75,15551.75,15339.50
08/02/2023,15473.00,754509,15757.00,15789.75,15414.00
08/01/2023,15817.25,520309,15869.25,15889.25,15728.25
07/31/2023,15857.50,517643,15850.00,15917.00,15791.25
07/28/2023,15847.50,674163,15580.00,15896.00,15546.25
07/27/2023,15571.00,831540,15638.75,15904.00,15511.25
07/26/2023,15610.75,677105,15730.25,15739.25,15515.00
07/25/2023,15673.00,542633,15570.00,15736.25,15549.25
07/24/2023,15561.25,553312,15556.00,15618.75,15483.75
07/21/2023,15540.00,694208,15590.75,15719.25,15522.25
07/20/2023,15592.25,796187,15922.75,15925.75,15547.00
07/19/2023,15959.25,674377,15949.25,16062.75,15911.25
07/18/2023,15974.75,623863,15832.00,16029.75,15733.00
07/17/2023,15840.75,513956,15690.00,15882.75,15661.50
07/14/2023,15694.25,621106,15699.00,15857.25,15663.00
07/13/2023,15711.50,553422,15457.75,15741.25,15456.50
07/12/2023,15444.75,641280,15258.00,15507.75,15254.50
07/11/2023,15260.00,548137,15195.75,15278.75,15109.50
07/10/2023,15187.00,597530,15198.50,15218.25,15063.25
07/07/2023,15181.75,545985,15211.75,15359.75,15172.25
07/06/2023,15238.00,563793,15353.75,15366.00,15111.50
07/05/2023,15360.75,515929,15345.25,15432.00,15255.25
07/03/2023,15364.75,261632,15331.00,15392.00,15308.00
06/30/2023,15337.00,519384,15106.00,15376.75,15099.00
06/29/2023,15100.25,586104,15161.00,15202.75,15028.50
06/28/2023,15130.00,654925,15088.25,15219.00,15021.25
06/27/2023,15111.50,558475,14875.00,15139.25,14862.25
06/26/2023,14856.50,642369,15057.75,15152.50,14853.50
06/23/2023,15058.25,611676,15236.00,15236.00,14985.25
06/22/2023,15214.75,603522,15038.75,15238.00,14964.00
06/21/2023,15044.00,626586,15247.50,15273.25,15002.25
06/20/2023,15256.50,640991,15244.50,15322.50,15126.50
06/16/2023,15268.00,617002,15368.00,15475.50,15258.50
06/15/2023,15374.00,729395,15222.00,15441.00,15066.00
06/14/2023,15012.75,191430,14925.00,15061.50,14793.00
06/13/2023,14914.25,338985,14824.00,14967.75,14779.50
06/12/2023,14800.50,390841,14560.25,14827.00,14554.25
06/09/2023,14556.25,569706,14517.00,14687.50,14460.25
06/08/2023,14503.00,626522,14316.00,14526.75,14256.75
06/07/2023,14331.50,762291,14594.50,14675.00,14305.50
06/06/2023,14586.50,569015,14582.00,14623.75,14504.50
06/05/2023,14588.75,613384,14577.00,14694.75,14512.75
06/02/2023,14575.25,616280,14494.00,14627.75,14468.25
06/01/2023,14472.25,612180,14289.50,14528.25,14248.25
05/31/2023,14300.50,668709,14397.25,14429.00,14251.25
05/30/2023,14396.75,874892,14399.50,14570.00,14336.75
05/26/2023,14332.50,717410,13977.75,14369.00,13924.50
05/25/2023,13976.50,808279,13877.00,14031.25,13803.00
05/24/2023,13650.25,696055,13729.00,13845.75,13566.50
05/23/2023,13728.75,649215,13913.25,13979.25,13710.00
05/22/2023,13902.50,532057,13805.50,13946.75,13794.25
05/19/2023,13858.00,652632,13908.50,13960.25,13814.25
05/18/2023,13894.00,739256,13640.50,13913.00,13628.25
05/17/2023,13643.50,613708,13498.50,13669.00,13474.25
05/16/2023,13483.25,558988,13461.00,13554.50,13426.25
05/15/2023,13468.00,492811,13378.75,13480.00,13350.00
05/12/2023,13396.25,618786,13446.00,13494.25,13310.50
05/11/2023,13446.50,649910,13410.00,13470.25,13361.50
05/10/2023,13409.50,833819,13258.75,13446.75,13202.75
05/09/2023,13264.75,548446,13338.50,13347.00,13250.50
05/08/2023,13352.25,502550,13316.00,13368.00,13254.50
05/05/2023,13317.75,564130,13060.00,13359.00,13055.75
05/04/2023,13043.75,650684,13064.00,13173.00,13001.75
05/03/2023,13100.75,644207,13162.00,13314.00,13080.00
05/02/2023,13184.50,655510,13290.00,13334.75,13110.25
05/01/2023,13306.75,484224,13317.00,13370.25,13258.75
04/28/2023,13320.25,666016,13215.00,13336.00,13169.00
04/27/2023,13231.25,714608,12965.00,13333.00,12936.00
04/26/2023,12887.75,745085,12940.00,13012.25,12863.75
04/25/2023,12809.50,686483,13050.25,13059.50,12800.00
04/24/2023,13056.50,573364,13070.00,13134.00,12967.25
04/21/2023,13090.50,587632,13089.00,13122.00,12982.50
04/20/2023,13074.25,673224,13162.00,13200.00,13021.75
04/19/2023,13183.00,526529,13170.50,13226.75,13065.00
04/18/2023,13193.00,568026,13184.00,13298.75,13138.00
04/17/2023,13186.50,536782,13212.50,13218.00,13076.75
04/14/2023,13181.25,616983,13183.00,13255.00,13058.00
04/13/2023,13209.75,546459,12957.00,13228.00,12925.50
04/12/2023,12952.25,679079,13073.75,13241.75,12937.75
04/11/2023,13074.75,544118,13163.25,13208.75,13053.50
04/10/2023,13158.00,549166,13179.75,13203.25,12967.50
04/06/2023,13170.75,593649,13072.75,13191.00,12953.25
04/05/2023,13079.75,585443,13230.00,13247.25,13006.00
04/04/2023,13219.00,571253,13259.00,13348.75,13168.25
04/03/2023,13270.00,536360,13262.00,13278.75,13154.00
03/31/2023,13301.75,613944,13084.25,13311.50,13057.50
03/30/2023,13082.00,572222,12962.50,13111.75,12931.50
03/29/2023,12965.00,556799,12745.50,12994.00,12742.00
03/28/2023,12732.50,531796,12810.50,12833.50,12634.25
03/27/2023,12788.50,554682,12916.00,12984.50,12765.50
03/24/2023,12890.25,672969,12871.50,12924.75,12728.00
03/23/2023,12854.00,821547,12695.00,13031.00,12694.25
03/22/2023,12707.00,702333,12873.25,13082.00,12678.00
03/21/2023,12867.25,557176,12699.75,12898.25,12676.50
03/20/2023,12688.50,684977,12690.00,12750.00,12525.25
03/17/2023,12644.75,719326,12708.00,12811.25,12569.50
03/16/2023,12715.50,733404,12398.75,12735.75,12314.00
03/15/2023,12247.75,251169,12200.75,12280.00,11972.00
03/14/2023,12207.00,354990,11960.00,12223.00,11921.75
03/13/2023,11931.75,681176,11894.75,12095.75,11674.25
03/10/2023,11840.25,861224,12005.00,12109.00,11795.00
03/09/2023,12007.25,810036,12231.00,12353.50,11977.50
03/08/2023,12228.25,630794,12170.00,12254.50,12108.25
03/07/2023,12169.00,679849,12320.25,12381.25,12142.25
03/06/2023,12323.50,606649,12306.25,12486.25,12276.25
03/03/2023,12311.25,666972,12049.00,12329.00,12012.00
03/02/2023,12062.00,746585,11967.00,12096.25,11832.50
03/01/2023,11961.75,751209,12041.25,12141.75,11924.75
02/28/2023,12072.25,643201,12093.50,12172.75,12025.75
02/27/2023,12083.25,575297,12003.00,12189.50,11990.00
02/24/2023,11997.00,631643,12190.00,12214.50,11923.00
02/23/2023,12207.50,633779,12176.25,12261.00,12028.50
02/22/2023,12097.50,635298,12108.00,12190.50,12034.00
02/21/2023,12096.75,602063,12369.25,12417.75,12090.25
02/17/2023,12390.00,622027,12462.50,12466.25,12265.75
02/16/2023,12482.50,670874,12740.00,12792.75,12455.25
02/15/2023,12730.00,561477,12620.75,12756.50,12524.25
02/14/2023,12631.00,711267,12547.25,12687.00,12390.50
02/13/2023,12540.50,462118,12357.50,12567.00,12265.25
02/10/2023,12346.25,594926,12448.75,12451.50,12243.25
02/09/2023,12425.50,608167,12555.00,12728.50,12366.50
02/08/2023,12545.25,572532,12747.00,12808.50,12512.75
02/07/2023,12776.75,730119,12513.00,12818.50,12459.25
02/06/2023,12515.50,530071,12572.00,12608.50,12455.75
02/03/2023,12624.00,812385,12748.25,12878.00,12551.25
02/02/2023,12846.75,802023,12520.00,12949.75,12501.75
02/01/2023,12414.25,656351,12116.00,12524.50,12055.25
01/31/2023,12152.00,579363,11984.00,12156.00,11871.00
01/30/2023,11968.00,625952,12212.50,12252.00,11960.00
01/27/2023,12222.25,582529,12049.00,12308.50,12016.00
01/26/2023,12106.75,613157,11874.75,12113.00,11867.25
01/25/2023,11873.25,628220,11970.50,11976.50,11604.50
01/24/2023,11909.50,504796,11933.00,12010.50,11835.75
01/23/2023,11934.00,586746,11676.75,11983.00,11650.50
01/20/2023,11677.00,569039,11401.00,11686.75,11365.25
01/19/2023,11356.50,589504,11470.50,11487.00,11308.50
01/18/2023,11475.75,610265,11619.75,11759.50,11468.00
01/17/2023,11624.50,569661,11570.00,11685.00,11510.25
01/13/2023,11608.00,476526,11528.50,11619.50,11389.00
01/12/2023,11534.25,745684,11474.50,11579.75,11291.00
01/11/2023,11476.50,494153,11282.50,11479.50,11239.75
01/10/2023,11282.00,556108,11184.75,11288.75,11094.00
01/09/2023,11185.50,640308,11126.50,11385.50,11120.25
01/06/2023,11113.50,727228,10838.75,11165.75,10751.00
01/05/2023,10820.25,689521,10988.50,11046.75,10805.00
01/04/2023,10999.25,751467,10941.25,11068.50,10863.50
01/03/2023,10945.50,650903,11122.50,11182.00,10844.75
12/30/2022,11022.25,457263,11033.50,11051.50,10855.50
12/29/2022,11032.75,461202,10785.75,11071.50,10777.50
12/28/2022,10772.75,624774,10915.75,10996.50,10758.75
12/27/2022,10915.50,493925,11104.00,11183.75,10896.00
12/23/2022,11075.25,529985,11061.00,11143.00,10916.25
12/22/2022,11054.25,706413,11357.00,11384.75,10870.50
12/21/2022,11334.50,623546,11206.50,11389.75,11181.00
12/20/2022,11175.75,616310,11182.50,11247.00,11043.50
12/19/2022,11193.25,555668,11328.75,11411.00,11131.75
12/16/2022,11344.75,657418,11446.50,11491.50,11275.50
12/15/2022,11457.00,667582,11884.25,11898.00,11404.00
12/14/2022,11750.75,191694,11839.00,11948.50,11613.75
12/13/2022,11839.75,394765,11691.25,12229.50,11680.50
12/12/2022,11711.75,344322,11553.00,11716.00,11522.75
12/09/2022,11569.75,491899,11641.50,11748.00,11517.00
12/08/2022,11645.50,597615,11500.00,11685.75,11433.00
12/07/2022,11509.50,631005,11566.00,11596.25,11422.50
12/06/2022,11566.00,650801,11812.00,11846.25,11502.00
12/05/2022,11805.75,531549,12000.50,12015.75,11745.50
12/02/2022,12010.25,583468,12039.75,12067.75,11740.50
12/01/2022,12062.75,621135,12079.25,12145.00,11943.25
11/30/2022,12042.25,748139,11520.00,12078.50,11497.75
11/29/2022,11524.75,552541,11625.00,11704.50,11465.00
11/28/2022,11616.25,502191,11731.25,11788.50,11575.25
11/25/2022,11782.75,248565,11914.25,11933.00,11766.25
11/23/2022,11862.75,466780,11741.50,11892.75,11720.00
11/22/2022,11754.50,525131,11588.00,11759.25,11526.50
11/21/2022,11588.00,474812,11723.00,11756.00,11553.00
11/18/2022,11708.00,578761,11747.75,11843.00,11607.00
11/17/2022,11710.50,645908,11777.75,11827.50,11528.25
11/16/2022,11739.50,569617,11882.00,11963.00,11706.50
11/15/2022,11904.25,766466,11768.50,12118.75,11761.75
11/14/2022,11734.75,568346,11791.00,11898.50,11702.00
11/11/2022,11848.00,675417,11669.75,11876.75,11569.25
11/10/2022,11632.25,839587,10841.00,11677.00,10808.00
11/09/2022,10830.75,654575,11089.25,11164.25,10822.25
11/08/2022,11094.25,718315,11016.00,11231.25,10928.75
11/07/2022,11014.25,545871,10786.50,11038.50,10751.00
11/04/2022,10890.25,872848,10712.00,10974.25,10636.00
11/03/2022,10728.00,693122,10938.00,10996.00,10708.00
11/02/2022,10944.50,765424,11320.25,11460.00,10909.00
11/01/2022,11332.00,599664,11455.00,11619.00,11288.75
10/31/2022,11447.25,598394,11592.50,11595.00,11367.25
10/28/2022,11587.00,717225,11122.75,11626.00,11062.00
10/27/2022,11235.25,762325,11417.75,11537.50,10921.50
10/26/2022,11446.00,770176,11510.00,11703.50,11415.00
10/25/2022,11713.50,651534,11453.75,11734.00,11430.25
10/24/2022,11478.75,706690,11393.75,11530.25,11207.75
10/21/2022,11358.50,828382,11061.25,11386.25,10935.50
10/20/2022,11090.75,732814,11134.00,11328.75,11008.00
10/19/2022,11153.25,730292,11320.25,11382.75,11049.00
10/18/2022,11198.75,826937,11161.25,11431.75,11081.50
10/17/2022,11110.25,628655,10720.00,11146.25,10713.00
10/14/2022,10744.00,833875,11064.75,11253.50,10726.75
10/13/2022,11083.75,1033918,10859.00,11142.75,10484.75
10/12/2022,10840.50,722902,10875.00,10976.75,10805.50
10/11/2022,10845.00,822790,10987.00,11039.50,10767.25
10/10/2022,10984.50,747104,11067.75,11136.50,10876.75
10/07/2022,11101.50,750785,11494.50,11564.50,11043.25
10/06/2022,11541.75,771334,11628.00,11729.75,11505.25
10/05/2022,11623.75,693221,11630.25,11711.00,11366.50
10/04/2022,11640.75,760105,11314.50,11675.00,11281.50
10/03/2022,11285.75,747541,11030.00,11358.25,10890.75
09/30/2022,11035.50,865700,11220.00,11357.25,11024.25
09/29/2022,11228.25,879277,11544.00,11567.25,11091.50
09/28/2022,11555.75,884991,11361.00,11613.50,11141.50
09/27/2022,11333.75,833325,11315.50,11568.25,11233.50
09/26/2022,11316.25,801718,11362.50,11537.75,11256.50
09/23/2022,11376.75,793880,11583.75,11600.25,11229.00
09/22/2022,11565.50,781129,11661.25,11796.00,11510.00
09/21/2022,11710.00,813517,11946.00,12140.50,11647.50
09/20/2022,11922.25,698197,12045.75,12092.50,11828.25
09/19/2022,12024.00,625958,11920.00,12066.25,11792.25
09/16/2022,11933.50,744680,11951.50,11961.25,11778.50
09/15/2022,12007.50,746674,12234.00,12268.75,11937.50
09/14/2022,12142.00,265292,12050.25,12173.00,12001.75
09/13/2022,12036.50,450105,12769.50,12889.00,12003.25
09/12/2022,12740.75,431097,12626.00,12773.75,12573.25
09/09/2022,12592.50,528346,12345.25,12613.75,12329.50
09/08/2022,12321.75,731859,12267.75,12379.50,12115.75
09/07/2022,12263.25,670899,12019.75,12306.25,11921.50
09/06/2022,12019.00,888214,12136.00,12244.50,11930.00
09/02/2022,12104.25,828060,12297.75,12461.50,12040.25
09/01/2022,12292.25,818096,12284.75,12299.50,12017.75
08/31/2022,12285.25,665752,12366.00,12513.00,12276.25
08/30/2022,12358.75,792213,12503.50,12658.25,12247.50
08/29/2022,12492.75,690795,12485.00,12610.25,12401.50
08/26/2022,12620.50,743499,13153.75,13220.00,12557.50
08/25/2022,13156.00,535527,12944.00,13161.50,12925.00
08/24/2022,12929.75,497843,12892.00,13011.25,12825.75
08/23/2022,12896.50,566958,12933.75,13018.50,12823.50
08/22/2022,12909.75,588854,13226.50,13226.50,12874.50
08/19/2022,13268.50,609667,13534.25,13534.50,13228.75
08/18/2022,13523.25,520724,13503.00,13575.50,13410.75
08/17/2022,13493.25,606553,13658.00,13672.00,13406.25
08/16/2022,13658.25,550822,13674.75,13740.75,13522.75
08/15/2022,13681.25,458561,13571.50,13706.00,13495.25
08/12/2022,13577.75,494488,13344.25,13583.25,13312.00
08/11/2022,13311.25,612725,13380.50,13575.00,13285.00
08/10/2022,13392.00,596564,13050.00,13408.00,12982.00
08/09/2022,13031.50,548653,13206.25,13233.75,12963.25
08/08/2022,13183.25,592807,13227.75,13419.25,13120.50
08/05/2022,13228.75,681339,13327.25,13384.50,13085.00
08/04/2022,13327.00,538131,13247.00,13356.00,13184.75
08/03/2022,13271.50,680426,12921.00,13310.25,12867.25
08/02/2022,12924.50,670208,12974.25,13097.00,12814.75
08/01/2022,12962.50,616274,12981.00,13108.75,12851.75
07/29/2022,12971.50,578552,12920.25,13012.00,12744.25
07/28/2022,12737.50,640873,12580.00,12948.00,12449.00
07/27/2022,12619.00,624207,12192.00,12690.00,12191.75
07/26/2022,12112.50,528989,12311.25,12334.00,12072.00
07/25/2022,12354.50,486476,12444.50,12498.50,12266.50
07/22/2022,12423.50,624544,12559.25,12698.50,12343.75
07/21/2022,12640.00,598450,12440.00,12655.25,12373.50
07/20/2022,12465.25,637331,12330.50,12517.50,12235.75
07/19/2022,12274.00,577572,11909.50,12328.50,11889.50
07/18/2022,11907.00,545646,12043.50,12186.50,11857.00
07/15/2022,12007.50,551192,11810.50,12021.50,11740.25
07/14/2022,11797.50,648205,11729.50,11835.00,11511.25
07/13/2022,11762.25,729217,11780.00,11970.00,11479.25
07/12/2022,11779.00,603779,11900.50,12025.50,11712.00
07/11/2022,11884.25,569293,12077.75,12149.75,11853.00
07/08/2022,12152.00,630817,12115.00,12211.00,11952.50
07/07/2022,12138.50,539321,11901.25,12168.50,11836.50
07/06/2022,11880.25,642331,11820.25,11974.25,11727.75
07/05/2022,11808.50,784125,11556.25,11815.75,11389.25
07/01/2022,11611.25,601591,11507.50,11629.75,11381.75
06/30/2022,11529.50,731116,11691.50,11696.75,11351.00
06/29/2022,11691.00,579611,11680.50,11749.00,11564.50
06/28/2022,11674.25,627342,12076.25,12174.25,11661.50
06/27/2022,12040.50,554533,12137.50,12262.00,11994.25
06/24/2022,12140.50,552999,11687.75,12148.50,11684.75
06/23/2022,11737.50,622197,11542.75,11766.75,11460.50
06/22/2022,11565.75,626853,11579.75,11745.75,11320.50
06/21/2022,11577.25,647386,11425.75,11678.25,11273.75
06/17/2022,11296.75,721035,11206.75,11396.00,11119.00
06/16/2022,11157.25,823523,11646.25,11774.25,11068.50
06/15/2022,11593.75,260102,11329.75,11759.25,11327.75
06/14/2022,11314.25,371383,11334.25,11505.50,11205.00
06/13/2022,11296.50,510558,11768.00,11772.50,11254.50
06/10/2022,11840.00,604637,12301.50,12338.75,11823.00
06/09/2022,12275.00,679742,12625.00,12726.00,12255.25
06/08/2022,12615.75,575622,12680.50,12783.00,12579.25
06/07/2022,12711.50,575669,12605.25,12740.25,12412.50
06/06/2022,12605.00,532980,12549.75,12810.00,12527.00
06/03/2022,12551.00,642545,12896.00,12945.25,12503.00
06/02/2022,12893.75,615809,12549.75,12903.75,12442.50
06/01/2022,12551.00,673422,12662.50,12823.50,12454.75
05/31/2022,12646.50,821802,12811.00,12883.00,12480.00
05/27/2022,12677.75,601231,12250.00,12720.25,12222.00
05/26/2022,12279.25,604621,11887.50,12343.00,11848.25
05/25/2022,11942.25,664034,11808.00,12036.00,11672.00
05/24/2022,11771.00,708311,11915.00,11918.00,11576.25
05/23/2022,12035.25,652822,11866.00,12075.50,11783.75
05/20/2022,11840.75,794159,11898.00,12096.75,11491.25
05/19/2022,11878.25,821110,11907.00,12076.75,11704.00
05/18/2022,11935.50,725611,12572.00,12594.00,11862.75
05/17/2022,12560.25,647957,12235.50,12578.00,12234.00
05/16/2022,12244.75,620249,12409.00,12498.75,12190.25
05/13/2022,12382.75,653255,11891.50,12432.00,11891.50
05/12/2022,11947.25,869652,12004.50,12132.75,11689.00
05/11/2022,11969.75,852803,12328.75,12553.25,11938.50
05/10/2022,12349.00,840003,12206.00,12547.00,12102.25
05/09/2022,12193.75,799972,12605.00,12637.25,12135.25
05/06/2022,12695.75,841773,12883.25,12928.75,12519.00
05/05/2022,12858.00,865045,13500.25,13548.00,12705.25
05/04/2022,13531.25,695273,13121.00,13555.25,12883.00
05/03/2022,13087.50,655742,13051.75,13183.75,12968.50
05/02/2022,13073.00,755127,12892.25,13084.50,12709.75
04/29/2022,12852.00,714282,13219.50,13433.00,12831.75
04/28/2022,13454.75,745694,13191.00,13542.00,13033.00
04/27/2022,13009.00,810094,12881.00,13255.25,12878.25
04/26/2022,13016.00,746484,13523.50,13583.75,12801.50
04/25/2022,13535.75,741646,13334.25,13549.75,13184.00
04/22/2022,13353.50,724214,13720.00,13781.00,13297.00
04/21/2022,13728.25,679199,14070.00,14283.00,13667.50
04/20/2022,14004.75,600719,14104.75,14298.00,13956.50
04/19/2022,14217.25,550199,13962.75,14242.00,13828.00
04/18/2022,13907.75,489631,13892.00,14002.50,13729.50
04/14/2022,13893.75,538771,14211.50,14296.25,13876.50
04/13/2022,14221.50,523365,13952.75,14266.50,13921.00
04/12/2022,13945.00,702045,14006.25,14284.25,13881.25
04/11/2022,14000.00,563913,14345.00,14382.00,13984.75
04/08/2022,14327.00,635061,14536.25,14642.25,14310.50
04/07/2022,14536.00,640699,14496.25,14633.75,14317.00
04/06/2022,14505.25,775692,14861.00,14861.25,14394.75
04/05/2022,14828.00,556681,15155.50,15198.00,14780.25
04/04/2022,15164.25,451603,14846.00,15174.50,14801.00
04/01/2022,14863.75,534893,14918.75,14960.00,14725.00
03/31/2022,14868.75,549836,15100.50,15180.75,14855.50
03/30/2022,15071.50,506171,15222.00,15262.25,15012.25
03/29/2022,15237.75,547770,14981.00,15268.75,14956.50
03/28/2022,14985.25,528594,14756.00,14997.00,14658.75
03/25/2022,14755.75,545996,14765.00,14840.50,14572.50
03/24/2022,14763.75,509341,14462.75,14769.75,14433.50
03/23/2022,14447.00,543815,14654.00,14682.25,14441.00
03/22/2022,14654.00,502014,14390.00,14690.75,14293.50
03/21/2022,14370.50,580388,14404.00,14466.75,14183.75
03/18/2022,14413.50,546849,14056.75,14442.75,13966.50
03/17/2022,14107.75,525075,13991.00,14132.50,13819.00
03/16/2022,13953.00,261316,13451.75,14029.25,13420.50
03/15/2022,13451.75,275537,13082.00,13489.00,12944.00
03/14/2022,13045.50,398538,13362.00,13447.50,13015.50
03/11/2022,13292.00,435350,13577.25,13860.75,13281.75
03/10/2022,13586.00,606393,13778.00,13778.00,13396.25
03/09/2022,13734.75,645327,13192.25,13821.75,13189.75
03/08/2022,13267.00,832475,13283.00,13666.00,13103.25
03/07/2022,13320.75,706389,13763.50,13879.75,13265.00
03/04/2022,13839.75,718281,14069.25,14086.50,13733.75
03/03/2022,14030.50,592539,14196.50,14391.00,13955.00
03/02/2022,14239.25,621588,14026.25,14290.00,13911.50
03/01/2022,14005.50,639555,14219.25,14327.75,13900.00
02/28/2022,14228.00,746827,13900.25,14292.25,13683.00
02/25/2022,14180.50,776179,13909.50,14196.25,13760.25
02/24/2022,13966.50,1110728,13484.25,13983.25,13025.75
02/23/2022,13507.50,703925,13928.25,14068.75,13471.25
02/22/2022,13862.75,1105156,13680.00,14157.50,13580.25
02/18/2022,13996.00,755479,14156.25,14299.00,13906.25
02/17/2022,14164.75,623754,14592.25,14619.50,14131.50
02/16/2022,14600.00,588689,14588.00,14668.50,14381.00
02/15/2022,14609.50,555824,14257.00,14614.75,14223.25
02/14/2022,14253.00,728979,14250.00,14394.00,14031.00
02/11/2022,14240.50,826630,14698.25,14766.75,14181.00
02/10/2022,14701.00,820235,15062.25,15062.25,14622.00
02/09/2022,15038.25,524362,14746.25,15068.00,14741.00
02/08/2022,14734.50,604346,14600.00,14776.00,14467.50
02/07/2022,14559.75,557258,14682.50,14806.25,14511.50
02/04/2022,14685.50,757446,14770.00,14825.75,14362.75
02/03/2022,14492.25,718487,14852.50,14870.00,14456.25
02/02/2022,15114.50,634583,15129.00,15260.00,14825.00
02/01/2022,14994.75,588992,14868.75,15137.00,14729.25
01/31/2022,14905.00,634564,14454.00,14914.75,14353.25
01/28/2022,14433.00,866826,14167.75,14442.00,13831.00
01/27/2022,13986.75,860609,14194.00,14409.25,13844.50
01/26/2022,14158.50,892230,13945.50,14639.75,13945.50
01/25/2022,14140.75,947032,14495.00,14499.00,13890.00
01/24/2022,14501.00,1304599,14410.00,14582.00,13706.00
01/21/2022,14426.50,1029415,14722.00,14858.50,14408.50
01/20/2022,14841.00,761720,15042.25,15340.25,14646.75
01/19/2022,15033.50,770647,15238.75,15372.00,15011.25
01/18/2022,15206.00,858462,15562.00,15653.25,15170.75
01/14/2022,15595.75,788218,15505.00,15621.00,15312.50
01/13/2022,15490.25,755983,15901.00,15979.75,15458.25
01/12/2022,15887.25,667586,15826.00,16009.25,15762.50
01/11/2022,15831.00,700589,15622.25,15839.50,15475.00
01/10/2022,15608.00,880092,15590.00,15669.00,15152.50
01/07/2022,15581.00,691844,15801.75,15852.75,15510.00
01/06/2022,15759.00,796923,15763.75,15895.75,15598.50
01/05/2022,15766.50,758021,16265.00,16269.00,15752.75
01/04/2022,16275.75,662705,16497.75,16564.00,16139.50
01/03/2022,16485.50,504689,16356.00,16508.00,16292.00
12/31/2021,16320.75,356483,16431.00,16464.00,16313.75
12/30/2021,16430.25,297672,16484.50,16567.50,16411.25
12/29/2021,16490.50,351100,16513.50,16564.25,16387.50
12/28/2021,16488.00,450397,16565.75,16659.50,16452.25
12/27/2021,16560.00,343106,16304.25,16580.75,16304.25
12/23/2021,16299.00,342260,16180.00,16356.00,16145.25
12/22/2021,16169.75,470941,15979.00,16183.00,15881.50
12/21/2021,15980.00,525990,15674.25,15987.25,15605.00
12/20/2021,15621.25,667481,15809.50,15851.75,15492.00
12/17/2021,15788.00,794468,15878.00,15956.50,15651.75
12/16/2021,15866.75,786103,16288.00,16457.00,15793.00
12/15/2021,16288.00,155418,15928.50,16302.50,15744.50
12/14/2021,15924.75,261416,16085.00,16133.75,15738.50
12/13/2021,16082.00,270297,16321.75,16411.25,16064.25
12/10/2021,16329.75,387193,16158.50,16335.75,16133.75
12/09/2021,16148.75,607987,16380.50,16420.00,16120.25
12/08/2021,16392.25,490088,16360.50,16436.75,16251.50
12/07/2021,16318.00,585717,15848.75,16374.50,15824.50
12/06/2021,15842.75,689422,15716.25,15897.25,15559.25
12/03/2021,15717.75,889326,16020.00,16121.75,15538.00
12/02/2021,15988.50,850145,15891.75,16066.25,15762.75
12/01/2021,15869.75,855263,16238.75,16427.50,15825.25
11/30/2021,16150.50,842981,16419.00,16456.25,16068.75
11/29/2021,16390.75,591925,16046.50,16437.75,16038.00
11/26/2021,16051.00,669818,16405.75,16436.00,15988.00
11/24/2021,16366.00,649953,16300.25,16368.50,16102.00
11/23/2021,16312.00,893137,16399.00,16418.75,16118.50
11/22/2021,16382.00,761454,16600.25,16767.50,16364.50
11/19/2021,16575.00,539749,16503.25,16628.50,16490.25
11/18/2021,16481.25,593798,16322.50,16508.00,16303.50
11/17/2021,16311.50,453006,16297.75,16396.50,16270.00
11/16/2021,16300.75,420662,16198.50,16323.75,16142.00
11/15/2021,16187.75,479150,16212.25,16276.50,16082.25
11/12/2021,16192.75,416504,16043.75,16213.25,16001.75
11/11/2021,16022.75,431431,15989.00,16114.00,15976.00
11/10/2021,15980.50,652235,16201.25,16243.00,15896.50
11/09/2021,16212.75,555076,16315.50,16391.75,16160.00
11/08/2021,16327.75,412060,16293.00,16394.00,16256.00
11/05/2021,16351.75,520376,16335.00,16448.50,16292.00
11/04/2021,16330.75,516852,16129.50,16376.00,16129.50
11/03/2021,16129.75,444674,15957.75,16145.75,15935.25
11/02/2021,15961.25,416277,15891.00,15980.25,15849.50
11/01/2021,15894.25,406950,15885.25,15914.75,15768.50
10/29/2021,15838.50,480463,15679.75,15864.75,15595.50
10/28/2021,15764.75,494205,15595.00,15777.00,15591.75
10/27/2021,15587.25,529827,15532.25,15717.50,15507.25
10/26/2021,15545.00,575672,15543.00,15701.00,15503.00
10/25/2021,15495.75,452041,15324.25,15546.00,15295.75
10/22/2021,15341.00,540932,15383.00,15463.50,15273.75
10/21/2021,15478.75,433581,15357.50,15483.75,15301.00
10/20/2021,15377.50,445527,15411.00,15446.50,15319.00
10/19/2021,15398.50,379477,15289.75,15428.25,15269.00
10/18/2021,15290.50,419597,15145.00,15297.25,15038.75
10/15/2021,15134.50,430519,15063.75,15145.00,15020.75
10/14/2021,15037.25,419075,14770.25,15071.50,14767.50
10/13/2021,14764.25,545239,14594.00,14795.75,14591.00
10/12/2021,14653.25,596438,14688.50,14783.25,14585.50
10/11/2021,14700.50,508255,14810.25,14897.25,14677.00
10/08/2021,14808.25,547514,14891.25,14996.00,14790.75
10/07/2021,14881.25,490347,14768.00,15001.25,14767.00
10/06/2021,14759.00,753046,14662.00,14770.00,14422.50
10/05/2021,14655.25,566918,14493.75,14754.75,14410.50
10/04/2021,14462.25,777283,14785.00,14835.00,14367.75
10/01/2021,14761.75,657086,14702.25,14818.00,14537.00
09/30/2021,14682.50,693882,14769.75,14883.50,14670.25
09/29/2021,14739.75,643646,14769.25,14926.00,14711.00
09/28/2021,14764.75,823109,15172.25,15192.25,14740.75
09/27/2021,15194.75,535238,15319.00,15399.25,15084.00
09/24/2021,15318.75,462462,15300.25,15334.25,15176.75
09/23/2021,15303.50,507034,15178.25,15347.00,15175.25
09/22/2021,15163.50,595839,14992.75,15227.00,14930.50
09/21/2021,15024.00,657000,14992.00,15163.25,14963.25
09/20/2021,15009.50,834323,15284.00,15338.25,14807.50
09/17/2021,15326.00,631097,15497.75,15528.25,15276.25
09/16/2021,15509.50,473598,15509.75,15532.50,15358.75
09/15/2021,15496.50,510407,15390.00,15514.50,15307.75
09/14/2021,15387.00,233913,15452.25,15530.75,15351.25
09/13/2021,15436.75,353861,15452.50,15565.00,15350.25
09/10/2021,15441.50,396890,15561.00,15668.00,15433.50
09/09/2021,15558.75,528415,15610.00,15675.75,15545.75
09/08/2021,15620.00,555387,15671.00,15691.00,15523.75
09/07/2021,15674.75,537241,15702.00,15708.75,15606.75
09/03/2021,15651.50,457677,15601.00,15677.50,15552.25
09/02/2021,15601.00,459913,15610.00,15682.00,15551.75
09/01/2021,15609.25,459418,15599.50,15699.00,15578.50
08/31/2021,15582.50,515562,15605.50,15677.25,15517.75
08/30/2021,15597.50,413140,15432.75,15617.75,15420.00
08/27/2021,15426.50,435909,15286.00,15443.75,15265.50
08/26/2021,15274.75,561981,15367.25,15368.25,15255.25
08/25/2021,15364.25,403019,15362.25,15397.00,15333.00
08/24/2021,15355.50,362874,15327.00,15384.00,15309.50
08/23/2021,15304.50,405659,15090.00,15337.50,15086.50
08/20/2021,15086.75,496534,14943.25,15100.00,14851.00
08/19/2021,14928.00,722221,14840.00,14999.00,14710.50
08/18/2021,14849.25,562656,14970.25,15037.25,14806.50
08/17/2021,14997.50,681270,15131.50,15133.75,14897.00
08/16/2021,15134.00,585956,15119.25,15139.00,14917.25
08/13/2021,15125.75,362163,15079.75,15141.75,15055.25
08/12/2021,15078.50,382623,15008.50,15090.50,14941.25
08/11/2021,15019.50,474715,15045.00,15119.00,14963.00
08/10/2021,15044.50,469113,15128.75,15157.25,14994.50
08/09/2021,15125.25,356171,15090.25,15145.50,15003.25
08/06/2021,15095.50,413542,15167.75,15169.75,15047.25
08/05/2021,15167.75,337125,15081.75,15172.50,15069.25
08/04/2021,15073.50,439783,15038.00,15108.00,14997.00
08/03/2021,15046.25,516604,14962.25,15050.00,14849.00
08/02/2021,14952.75,442929,15023.50,15056.25,14932.25
07/30/2021,14955.75,499974,14905.25,14980.00,14811.25
07/29/2021,15037.75,410715,14984.75,15084.00,14905.00
07/28/2021,15011.50,573995,14875.75,15074.50,14866.00
07/27/2021,14947.75,665027,15125.25,15131.50,14774.25
07/26/2021,15117.75,387516,15098.00,15134.00,15038.75
07/23/2021,15098.00,441123,14979.50,15117.25,14934.25
07/22/2021,14928.50,418128,14836.75,14982.75,14826.75
07/21/2021,14827.75,397920,14729.75,14839.50,14668.25
07/20/2021,14722.75,521751,14593.75,14782.50,14516.75
07/19/2021,14540.75,708318,14675.00,14682.50,14445.00
07/16/2021,14670.50,532340,14778.50,14869.50,14656.00
07/15/2021,14787.50,622042,14895.00,14962.75,14708.25
07/14/2021,14891.75,495873,14869.75,14996.00,14841.25
07/13/2021,14865.00,503037,14880.00,14994.75,14794.50
07/12/2021,14869.25,357891,14824.00,14888.50,14785.00
07/09/2021,14810.50,418533,14710.25,14832.00,14640.75
07/08/2021,14712.25,627402,14812.00,14822.00,14540.50
07/07/2021,14802.25,467950,14764.50,14883.75,14726.25
07/06/2021,14775.50,547732,14694.75,14790.00,14625.25
07/02/2021,14713.75,384658,14543.75,14729.00,14513.25
07/01/2021,14548.50,431519,14558.50,14606.25,14471.00
06/30/2021,14549.00,378613,14584.75,14598.50,14518.25
06/29/2021,14563.00,355364,14504.50,14584.75,14468.75
06/28/2021,14512.50,370671,14350.00,14519.75,14333.25
06/25/2021,14339.00,375580,14365.75,14394.25,14313.25
06/24/2021,14354.25,405651,14275.25,14422.00,14270.00
06/23/2021,14263.00,360338,14274.00,14315.75,14231.75
06/22/2021,14258.25,416675,14136.75,14279.25,14066.50
06/21/2021,14130.00,497804,14022.75,14144.00,13958.50
06/18/2021,14035.00,563285,14180.00,14204.75,14010.00
06/17/2021,14156.25,655171,13941.00,14199.00,13841.75
06/16/2021,13981.25,119032,14046.75,14103.75,13840.00
06/15/2021,14030.25,169605,14119.50,14163.00,14009.25
06/14/2021,14124.75,225604,13999.00,14133.50,13965.25
06/11/2021,13994.25,254883,13975.50,13997.75,13932.25
06/10/2021,13959.75,489493,13817.00,13976.50,13726.00
06/09/2021,13814.25,375099,13813.00,13904.25,13803.50
06/08/2021,13811.50,478842,13823.00,13917.25,13741.75
06/07/2021,13804.25,388248,13773.25,13824.00,13691.50
06/04/2021,13766.75,436900,13531.75,13783.75,13467.75
06/03/2021,13529.25,547561,13679.50,13707.75,13462.25
06/02/2021,13673.75,369984,13686.50,13706.00,13603.25
06/01/2021,13648.75,444512,13660.50,13773.00,13592.25
05/28/2021,13686.50,362406,13690.25,13699.50,13682.00
05/27/2021,13665.50,386050,13702.50,13720.75,13620.25
05/26/2021,13700.25,338850,13695.75,13709.25,13677.75
05/25/2021,13656.25,433185,13629.50,13671.25,13628.00
05/24/2021,13635.25,361125,13383.25,13686.00,13356.50
05/21/2021,13405.00,448020,13492.50,13570.00,13395.75
05/20/2021,13486.50,459948,13220.50,13522.75,13150.75
05/19/2021,13233.50,660245,13182.00,13243.00,12954.25
05/18/2021,13212.00,434611,13308.50,13432.25,13178.50
05/17/2021,13303.50,480189,13380.25,13448.50,13182.75
05/14/2021,13387.00,465004,13095.00,13426.25,13071.00
05/13/2021,13100.25,717138,13146.00,13146.50,13066.00
05/12/2021,12998.50,748223,13052.75,13072.50,12959.75
05/11/2021,13346.00,782781,13336.25,13356.50,13310.00
05/10/2021,13356.75,592645,13386.50,13414.00,13305.50
05/07/2021,13709.75,540441,13614.50,13743.25,13702.25
05/06/2021,13597.75,562738,13537.25,13611.50,13466.25
05/05/2021,13491.00,515413,13525.75,13509.50,13476.00
05/04/2021,13536.00,644872,13785.00,13552.75,13422.50
05/03/2021,13790.00,469107,13880.25,13819.25,13774.00
04/30/2021,13850.00,548009,13948.25,13956.75,13825.00
04/29/2021,13953.50,588412,13973.50,13978.25,13937.50
04/28/2021,13892.25,497714,13955.50,13993.50,13878.00
04/27/2021,13953.00,406798,14024.75,14050.00,13912.50
04/26/2021,14011.50,396257,13919.75,14039.25,13993.00
04/23/2021,13927.00,440081,13757.00,13981.00,13737.00
04/22/2021,13750.25,615771,13896.50,13928.00,13701.75
04/21/2021,13919.25,500195,13740.00,13926.50,13700.50
04/20/2021,13794.25,603417,13900.00,13933.75,13719.25
04/19/2021,13897.25,608734,13989.00,14052.25,13821.00
04/16/2021,14029.50,490003,14002.00,14059.50,13952.75
04/15/2021,14014.00,514989,13827.00,14034.25,13980.25
04/14/2021,13798.75,656774,13977.75,13833.00,13772.75
04/13/2021,13975.75,484236,13825.00,13994.00,13772.75
04/12/2021,13808.75,448895,13817.75,13832.25,13732.00
04/09/2021,13829.50,487245,13786.50,13841.75,13648.25
04/08/2021,13747.75,430287,13620.75,13789.75,13615.50
04/07/2021,13604.75,428006,13580.50,13641.00,13560.75
04/06/2021,13570.00,451858,13603.75,13603.75,13545.25
04/05/2021,13585.50,349328,13339.00,13615.00,13304.25
04/01/2021,13316.00,422777,13094.50,13332.50,13090.25
03/31/2021,13089.75,470371,12894.75,13158.00,12858.25
03/30/2021,12878.25,509102,12975.00,12984.00,12776.50
03/29/2021,12944.50,568651,12975.75,13003.00,12807.50
03/26/2021,12966.75,614005,12799.75,12988.50,12676.25
03/25/2021,12770.50,737986,12803.00,12821.50,12655.00
03/24/2021,12794.00,621481,13050.25,13145.25,12784.00
03/23/2021,13006.25,596565,13069.00,13039.00,12979.00
03/22/2021,13071.75,467497,12807.00,13157.00,12788.50
03/19/2021,12844.50,632174,12793.50,12898.25,12681.75
03/18/2021,12779.75,704214,13187.00,13267.00,12762.00
03/17/2021,13189.00,651508,13159.50,13271.00,12934.25
03/16/2021,13151.50,233618,13084.75,13298.00,13056.50
03/15/2021,13078.50,291922,12950.00,13099.00,12872.00
03/12/2021,12933.50,460840,13055.00,13095.00,12768.25
03/11/2021,13048.25,516883,12795.25,13119.25,12724.25
03/10/2021,12749.25,710350,12812.00,12993.25,12703.00
03/09/2021,12788.75,632259,12345.75,12867.50,12326.00
03/08/2021,12297.25,738552,12715.00,12761.25,12281.75
03/05/2021,12663.75,1007098,12435.00,12697.75,12207.25
03/04/2021,12455.00,1044233,12682.00,12663.25,12306.50
03/03/2021,12681.75,743639,13061.25,13192.00,12663.25
03/02/2021,13055.25,558258,13312.25,13328.25,13048.25
03/01/2021,13279.75,506571,12957.50,13318.00,12946.25
02/26/2021,12911.00,828330,12802.50,12954.50,12856.50
02/25/2021,12831.75,875088,13304.75,13020.00,12764.00
02/24/2021,13302.00,657117,13170.75,13334.00,13208.25
02/23/2021,13192.00,850790,13227.00,13335.75,12757.25
02/22/2021,13224.25,634037,13585.00,13446.00,13215.00
02/19/2021,13576.00,523397,13638.25,13610.50,13552.50
02/18/2021,13633.00,563784,13699.50,13669.50,13590.50
02/17/2021,13699.75,574536,13758.25,13710.50,13543.00
02/16/2021,13767.75,596975,13767.00,13782.50,13745.50
02/12/2021,13804.75,389143,13711.25,13820.75,13768.75
02/11/2021,13729.00,491889,13662.00,13743.75,13612.50
02/10/2021,13643.50,548905,13698.00,13769.25,13516.75
02/09/2021,13680.25,364360,13683.50,13735.25,13634.00
02/08/2021,13683.00,390777,13623.75,13693.00,13596.00
02/05/2021,13603.50,426292,13560.00,13638.50,13519.50
02/04/2021,13547.50,405581,13429.50,13568.75,13345.25
02/03/2021,13394.25,494411,13506.00,13584.50,13386.75
02/02/2021,13449.00,483877,13232.50,13509.75,13230.50
02/01/2021,13236.50,543432,12849.00,13271.50,12727.25
01/29/2021,12911.25,729058,13156.00,12944.75,12863.50
01/28/2021,13186.00,616117,13052.50,13318.75,13123.00
01/27/2021,13105.50,777564,13551.00,13158.50,12884.75
01/26/2021,13552.25,496653,13459.75,13599.75,13380.25
01/25/2021,13475.50,658421,13370.00,13554.50,13189.00
01/22/2021,13361.50,404023,13394.00,13402.25,13300.25
01/21/2021,13395.50,418687,13288.50,13423.50,13315.75
01/20/2021,13294.25,431065,13030.00,13327.00,13242.00
01/19/2021,12985.50,478030,12774.25,13032.75,12727.00
01/15/2021,12802.25,532713,12909.00,12931.25,12743.50
01/14/2021,12901.00,413126,12975.50,12966.00,12881.00
01/13/2021,12972.25,411300,12882.50,13003.00,12957.75
01/12/2021,12890.25,457353,12910.75,12912.00,12767.25
01/11/2021,12897.00,448189,13093.25,13085.25,12871.75
01/08/2021,13097.25,503019,12927.00,13125.00,12919.00
01/07/2021,12928.00,431154,12658.50,12959.00,12646.50
01/06/2021,12616.75,744102,12800.25,12844.25,12491.25
01/05/2021,12793.50,479214,12682.75,12809.00,12612.00
01/04/2021,12685.50,644564,12889.00,12959.75,12522.50
12/31/2020,12885.50,277076,12840.00,12896.00,12796.50
12/30/2020,12841.50,331658,12860.75,12909.75,12820.50
12/29/2020,12841.00,391072,12845.25,12918.25,12808.25
12/28/2020,12832.75,341802,12676.25,12855.50,12655.25
12/24/2020,12704.50,171576,12660.75,12724.00,12631.50
12/23/2020,12651.25,354541,12704.75,12738.75,12623.50
12/22/2020,12710.00,454633,12698.25,12760.00,12593.50
12/21/2020,12683.50,596035,12760.00,12782.50,12461.00
12/18/2020,12712.50,455587,12747.50,12789.75,12610.00
12/17/2020,12751.00,387759,12681.25,12766.75,12672.00
12/16/2020,12665.25,149534,12599.50,12699.75,12567.75
12/15/2020,12591.75,220671,12460.50,12604.75,12417.00
12/14/2020,12456.50,289617,12405.50,12545.00,12445.00
12/11/2020,12368.00,357201,12391.00,12379.75,12330.00
12/10/2020,12402.00,527015,12342.75,12449.00,12218.25
12/09/2020,12367.00,621556,12657.25,12675.00,12306.75
12/08/2020,12637.50,359918,12574.00,12652.50,12502.00
12/07/2020,12596.00,320894,12598.25,12602.75,12547.00
12/04/2020,12526.00,316807,12487.00,12535.75,12448.50
12/03/2020,12462.25,371769,12472.00,12540.25,12444.00
12/02/2020,12454.25,398600,12456.25,12473.50,12312.50
12/01/2020,12452.25,460966,12336.00,12512.25,12312.00
11/30/2020,12277.00,490080,12286.50,12337.25,12086.00
11/27/2020,12257.50,292745,12168.25,12307.50,12127.00
11/25/2020,12152.25,383052,12098.50,12177.75,12077.50
11/24/2020,12076.00,396613,11909.75,12104.50,12034.25
11/23/2020,11905.25,423009,11894.00,11922.75,11887.00
11/20/2020,11905.75,355611,11960.00,11998.75,11873.50
11/19/2020,11987.25,419169,11876.00,12000.00,11804.50
11/18/2020,11897.00,469311,11972.00,12027.50,11861.50
11/17/2020,11975.00,396337,12061.25,12096.25,11953.75
11/16/2020,12005.00,468184,11957.25,12065.00,11851.75
11/13/2020,11933.50,443231,11857.00,11952.75,11801.75
11/12/2020,11820.00,551079,11898.50,11975.75,11775.75
11/11/2020,11886.00,538373,11632.25,11917.75,11575.25
11/10/2020,11618.25,819551,11863.50,11662.25,11585.00
11/09/2020,11820.50,712791,12139.25,12408.75,11812.25
11/06/2020,12075.00,546961,12088.50,12109.00,11868.25
11/05/2020,12076.50,569288,11830.00,12109.75,12020.00
11/04/2020,11763.00,822280,11764.25,11843.75,11727.50
11/03/2020,11265.75,504271,11074.75,11327.50,11213.75
11/02/2020,11063.25,599088,11034.50,11212.00,10942.25
10/30/2020,11046.25,792955,11213.25,11281.25,10944.50
10/29/2020,11342.75,601017,11180.50,11457.75,11145.00
10/28/2020,11132.75,742417,11558.50,11274.00,11123.75
10/27/2020,11588.00,548923,11499.50,11623.00,11478.25
10/26/2020,11492.25,668747,11634.00,11695.50,11343.25
10/23/2020,11663.50,496279,11669.25,11691.75,11551.00
10/22/2020,11649.75,578568,11683.50,11685.00,11545.00
10/21/2020,11691.25,598876,11675.25,11779.25,11585.00
10/20/2020,11660.75,620371,11697.50,11708.50,11621.75
10/19/2020,11650.25,618824,11816.75,11950.50,11591.25
10/16/2020,11798.00,520420,11891.00,12022.00,11792.00
10/15/2020,11874.00,588167,11950.00,11983.25,11736.50
10/14/2020,11974.25,591799,12079.75,12178.00,11901.75
10/13/2020,12094.00,732529,12100.00,12249.00,12019.00
10/12/2020,12098.25,716868,11722.75,12197.00,11687.75
10/09/2020,11724.75,401755,11562.00,11739.00,11552.50
10/08/2020,11539.00,401507,11473.25,11578.75,11469.75
10/07/2020,11470.00,438833,11220.50,11506.50,11208.00
10/06/2020,11322.25,452740,11473.00,11524.50,11286.25
10/05/2020,11469.25,391100,11308.50,11497.50,11267.50
10/02/2020,11233.25,782939,11566.75,11604.75,11204.50
10/01/2020,11574.75,559319,11375.00,11599.25,11375.00
09/30/2020,11407.25,636328,11321.00,11526.00,11167.00
09/29/2020,11337.75,437749,11388.00,11448.75,11289.50
09/28/2020,11394.75,543146,11145.00,11404.00,11140.25
09/25/2020,11136.50,582801,10914.25,11166.25,10813.75
09/24/2020,10891.75,776556,10803.50,11011.75,10660.25
09/23/2020,10829.00,651590,11160.50,11222.00,10786.00
09/22/2020,11149.50,569220,10966.25,11191.00,10897.50
09/21/2020,10989.00,720389,10920.00,11009.75,10656.50
09/18/2020,10927.00,766027,11066.50,11163.00,10742.00
09/17/2020,11075.25,813237,11257.00,11288.50,10904.25
09/16/2020,11255.00,612348,11450.25,11539.00,11223.75
09/15/2020,11464.25,217433,11278.50,11495.50,11247.75
09/14/2020,11280.50,311997,11104.00,11362.75,11104.00
09/11/2020,11061.50,481477,11187.00,11127.00,11051.00
09/10/2020,11177.25,874661,11377.75,11190.75,11130.25
09/09/2020,11392.75,704433,11006.00,11478.75,10935.25
09/08/2020,11060.50,998169,11531.00,11585.00,11040.50
09/04/2020,11548.75,1182406,11633.50,11666.00,11537.50
09/03/2020,11800.50,917780,12408.50,12438.75,11658.50
09/02/2020,12411.50,719946,12325.50,12465.25,12172.25
09/01/2020,12312.50,512504,12109.75,12328.75,12093.00
08/31/2020,12114.00,476446,12002.75,12165.00,11988.25
08/28/2020,11991.75,487264,11953.25,12018.25,11920.50
08/27/2020,11952.75,704963,11984.50,12046.00,11834.75
08/26/2020,11991.25,569615,11739.50,12001.50,11726.75
08/25/2020,11726.25,488780,11636.00,11742.25,11574.75
08/24/2020,11636.25,612739,11581.00,11722.50,11528.25
08/21/2020,11562.00,410236,11480.00,11573.50,11407.00
08/20/2020,11477.25,396544,11327.00,11496.50,11221.50
08/19/2020,11332.00,405272,11414.25,11438.00,11299.00
08/18/2020,11409.25,323690,11285.50,11415.25,11268.00
08/17/2020,11286.75,238749,11145.00,11300.50,11142.25
08/14/2020,11133.75,389897,11180.50,11237.75,11096.00
08/13/2020,11175.25,410137,11115.50,11266.00,11094.25
08/12/2020,11126.00,425574,10928.50,11185.75,10878.50
08/11/2020,10878.50,554339,11072.25,11157.75,10845.50
08/10/2020,11072.00,478964,11140.25,11156.50,10928.25
08/07/2020,11122.75,525962,11260.50,11268.00,11035.25
08/06/2020,11261.25,417626,11094.00,11271.75,11051.25
08/05/2020,11091.75,347134,11080.50,11144.00,11055.75
08/04/2020,11086.00,392527,11054.00,11094.75,10983.00
08/03/2020,11044.25,386264,10933.25,11073.00,10876.25
07/31/2020,10890.50,620624,10906.50,10939.00,10691.00
07/30/2020,10794.00,517607,10700.00,10897.25,10502.75
07/29/2020,10674.25,365161,10558.00,10699.75,10512.25
07/28/2020,10540.00,440879,10682.50,10758.50,10514.00
07/27/2020,10675.25,441368,10490.00,10684.00,10401.00
07/24/2020,10459.00,647618,10565.50,10597.00,10301.00
07/23/2020,10548.25,634003,10850.00,10938.50,10514.50
07/22/2020,10804.25,481852,10850.75,10916.25,10761.25
07/21/2020,10851.00,582953,10952.25,11058.00,10784.75
07/20/2020,10951.00,491390,10621.25,10964.50,10546.25
07/17/2020,10622.50,435816,10527.25,10669.75,10523.75
07/16/2020,10511.75,610047,10693.00,10698.25,10475.50
07/15/2020,10683.25,700593,10706.00,10766.50,10551.25
07/14/2020,10646.25,908240,10577.50,10689.25,10525.50
07/13/2020,10600.00,727844,10848.25,11058.50,10561.50
07/10/2020,10837.25,521927,10727.00,10847.50,10625.50
07/09/2020,10724.00,601571,10674.25,10774.25,10560.00
07/08/2020,10662.25,474920,10526.00,10673.00,10505.25
07/07/2020,10532.25,460895,10600.00,10694.50,10505.75
07/06/2020,10598.50,411954,10347.25,10614.50,10341.50
07/02/2020,10355.75,399438,10258.50,10422.25,10246.50
07/01/2020,10268.75,397772,10141.00,10310.00,10076.00
06/30/2020,10147.25,416619,10034.00,10171.50,10019.00
06/29/2020,9973.75,474781,9785.50,9997.00,9728.75
06/26/2020,9865.50,571005,10087.00,10120.50,9824.25
06/25/2020,10088.25,509918,10005.25,10107.00,9885.50
06/24/2020,10010.75,656910,10183.00,10242.00,9927.25
06/23/2020,10196.00,404671,10121.50,10296.25,9972.25
06/22/2020,10124.75,351975,9868.00,10131.75,9843.50
06/19/2020,9923.50,511590,9985.00,10112.50,9916.00
06/18/2020,9989.50,429042,9982.25,10029.00,9866.50
06/17/2020,9983.00,404052,9951.50,10047.50,9915.25
06/16/2020,9972.50,213082,9812.50,10013.75,9797.75
06/15/2020,9800.50,317453,9536.75,9815.50,9381.75
06/12/2020,9645.00,505863,9616.00,9849.25,9494.75
06/11/2020,9616.75,820110,10086.25,10107.00,9584.50
06/10/2020,10087.25,551534,9960.00,10155.50,9958.50
06/09/2020,9951.00,435777,9887.25,10005.25,9811.50
06/08/2020,9884.75,388299,9819.00,9901.00,9747.00
06/05/2020,9808.50,506726,9643.50,9846.25,9601.75
06/04/2020,9626.25,457683,9685.50,9742.50,9572.25
06/03/2020,9684.75,370909,9657.50,9728.25,9635.50
06/02/2020,9647.75,384840,9590.00,9670.00,9504.75
06/01/2020,9595.00,342822,9513.00,9605.75,9450.25
05/29/2020,9560.25,525091,9453.50,9590.50,9372.00
05/28/2020,9460.25,505534,9436.50,9565.50,9320.50
05/27/2020,9432.50,554459,9409.00,9508.00,9172.50
05/26/2020,9406.50,481990,9530.25,9604.00,9373.00
05/22/2020,9406.25,361269,9360.50,9422.50,9241.50
05/21/2020,9355.75,427025,9494.75,9510.75,9352.00
05/20/2020,9485.50,364045,9289.75,9498.00,9273.00
05/19/2020,9300.75,391036,9316.25,9417.25,9283.75
05/18/2020,9325.50,394536,9135.00,9361.50,9110.25
05/15/2020,9096.50,531074,9085.50,9148.50,8925.50
05/14/2020,9079.50,635624,9012.75,9104.00,8847.00
05/13/2020,8992.25,699800,9045.75,9202.75,8878.25
05/12/2020,9078.25,499399,9282.00,9345.50,9040.50
05/11/2020,9279.00,395191,9194.75,9339.00,9118.50
05/08/2020,9218.25,356965,9115.00,9238.00,9103.25
05/07/2020,9107.75,381558,8947.50,9126.00,8930.25
05/06/2020,8952.00,411536,8928.50,9056.50,8877.75
05/05/2020,8924.25,365146,8806.25,9020.00,8798.50
05/04/2020,8795.50,377912,8624.00,8828.00,8556.25
05/01/2020,8718.00,405955,8847.00,8879.00,8672.00
04/30/2020,8988.50,459944,9109.50,9144.75,8856.50
04/29/2020,9036.50,425834,8759.25,9118.75,8733.75
04/28/2020,8719.75,437441,8819.00,8945.75,8654.50
04/27/2020,8824.25,351220,8766.00,8898.00,8730.00
04/24/2020,8769.00,376992,8588.25,8780.25,8498.25
04/23/2020,8598.75,433386,8636.25,8786.50,8580.50
04/22/2020,8638.00,370193,8447.00,8700.00,8400.00
04/21/2020,8431.75,577115,8695.00,8763.00,8342.00
04/20/2020,8692.00,425026,8799.50,8846.00,8687.00
04/17/2020,8809.00,501532,8909.75,8966.75,8689.50
04/16/2020,8734.25,530395,8576.00,8842.50,8500.50
04/15/2020,8594.00,401821,8706.25,8707.50,8486.50
04/14/2020,8692.50,422165,8337.00,8710.00,8319.00
04/13/2020,8327.25,381493,8296.00,8338.75,8073.25
04/09/2020,8227.50,519995,8195.25,8326.25,8101.75
04/08/2020,8189.75,420264,8015.00,8242.00,7953.25
04/07/2020,8012.00,527360,8034.25,8303.25,7948.00
04/06/2020,8029.75,385573,7535.75,8099.00,7535.50
04/03/2020,7522.75,346328,7623.00,7660.25,7423.50
04/02/2020,7627.25,433904,7473.50,7656.25,7376.00
04/01/2020,7438.75,407310,7772.50,7773.50,7404.25
03/31/2020,7786.25,418309,7856.75,7995.00,7747.50
03/30/2020,7854.75,414573,7395.75,7884.00,7365.00
03/27/2020,7568.50,437004,7882.75,7893.25,7551.25
03/26/2020,7844.00,557570,7483.50,7893.50,7310.25
03/25/2020,7467.75,649417,7544.75,7761.00,7371.50
03/24/2020,7554.75,544124,7005.75,7572.25,7005.75
03/23/2020,6984.50,624109,6798.00,7316.25,6628.75
03/20/2020,6969.00,559936,7177.00,7629.00,6891.00
03/19/2020,7273.50,514713,7234.25,7502.50,6874.25
03/18/2020,7225.25,153402,7386.00,7392.25,6830.00
03/17/2020,7405.25,309629,7053.00,7552.25,6948.75
03/16/2020,7057.50,298881,7903.00,7905.25,6927.00
03/13/2020,7915.75,578813,7100.00,7978.00,6942.50
03/12/2020,7215.25,870411,7998.75,8108.00,7128.50
03/11/2020,8003.50,979504,8317.00,8334.25,7892.75
03/10/2020,8331.50,970901,7893.75,8378.75,7814.25
03/09/2020,7951.50,551791,8369.00,8375.00,7820.00
03/06/2020,8503.25,1086560,8677.00,8726.50,8310.50
03/05/2020,8648.75,945729,8828.25,8876.75,8610.75
03/04/2020,8896.50,928026,8557.50,8950.00,8508.25
03/03/2020,8582.50,1281316,8830.50,9002.50,8511.00
03/02/2020,8791.25,1346060,8349.25,8883.25,8224.25
02/28/2020,8454.00,1513887,8347.00,8574.75,8126.25
02/27/2020,8382.75,1561506,8750.25,8845.25,8334.25
02/26/2020,8850.25,1242683,8848.00,8870.75,8810.00
02/25/2020,8854.25,1337190,8916.50,8943.75,8810.00
02/24/2020,9091.00,1153699,9077.75,9185.75,9068.25
02/21/2020,9458.00,902290,9617.25,9623.75,9411.50
02/20/2020,9624.25,797332,9744.75,9763.00,9517.00
02/19/2020,9733.50,416086,9643.25,9748.75,9641.25
02/18/2020,9636.00,665182,9623.00,9687.50,9534.25
02/14/2020,9632.25,481204,9626.25,9659.25,9588.00
02/13/2020,9613.00,608350,9621.50,9644.75,9511.25
02/12/2020,9625.75,448238,9536.25,9628.25,9523.75
02/11/2020,9527.25,581538,9525.00,9609.50,9501.25
02/10/2020,9527.50,496242,9401.50,9531.50,9330.75
02/07/2020,9409.50,588337,9467.00,9471.00,9385.00
02/06/2020,9455.50,541962,9390.00,9464.00,9362.50
02/05/2020,9381.50,719996,9357.00,9462.75,9317.75
02/04/2020,9355.00,559779,9099.00,9369.25,9073.00
02/03/2020,9114.25,675945,8982.75,9155.75,8975.00
01/31/2020,8997.75,889141,9226.50,9248.75,8966.00
01/30/2020,9216.25,844112,9111.25,9240.00,9003.50
01/29/2020,9098.50,569138,9119.50,9158.75,9072.25
01/28/2020,9105.25,629031,8952.50,9136.25,8952.50
01/27/2020,8954.50,788263,9077.00,9077.00,8925.50
01/24/2020,9144.50,753070,9125.75,9170.75,9109.50
01/23/2020,9248.25,612909,9190.00,9253.50,9151.75
01/22/2020,9195.75,515664,9179.50,9254.00,9174.25
01/21/2020,9169.75,526037,9176.25,9199.75,9114.75
01/17/2020,9174.50,430351,9137.00,9189.25,9130.00
01/16/2020,9133.50,396570,9061.75,9140.25,9061.50
01/15/2020,9060.00,493120,9062.00,9096.00,9023.00
01/14/2020,9062.50,550176,9087.75,9114.75,9035.00
01/13/2020,9088.25,375844,8979.00,9095.50,8979.00
01/10/2020,8978.25,468769,9010.00,9055.50,8966.25
01/09/2020,9009.00,454746,8948.75,9022.25,8932.50
01/08/2020,8944.50,717683,8947.75,8957.75,8923.75
01/07/2020,8853.00,500924,8853.25,8894.75,8825.75
01/06/2020,8847.50,466063,8772.25,8873.00,8723.00
01/03/2020,8810.00,594416,8895.50,8907.25,8735.25
01/02/2020,8891.75,407651,8776.75,8901.50,8769.50
12/31/2019,8752.25,280208,8731.75,8772.25,8692.25
12/30/2019,8733.75,397222,8783.50,8809.75,8691.25
12/27/2019,8783.25,321816,8801.00,8843.50,8769.00
12/26/2019,8804.25,166862,8730.25,8805.00,8729.00
12/24/2019,8729.50,104311,8728.25,8736.00,8707.00
12/23/2019,8726.50,186941,8710.75,8743.25,8707.50
12/20/2019,8710.75,304661,8679.50,8724.75,8665.25
12/19/2019,8673.50,281398,8624.75,8682.50,8608.75
12/18/2019,8620.75,291751,8597.75,8641.25,8595.25
12/17/2019,8576.25,141684,8576.00,8596.75,8563.25
12/16/2019,8576.00,188302,8507.00,8587.75,8503.25
12/13/2019,8494.00,330063,8485.00,8523.75,8435.50
12/12/2019,8465.25,551144,8458.75,8479.75,8428.00
12/11/2019,8405.50,300540,8400.75,8410.50,8400.25
12/10/2019,8363.75,396575,8354.50,8398.00,8297.00
12/09/2019,8356.00,286583,8401.50,8427.25,8347.00
12/06/2019,8400.25,300359,8311.00,8409.50,8307.75
12/05/2019,8309.25,364672,8296.25,8340.00,8273.25
12/04/2019,8295.25,409818,8258.75,8319.25,8220.50
12/03/2019,8251.25,609377,8313.75,8337.50,8168.25
12/02/2019,8316.00,554395,8424.50,8457.25,8276.50
11/29/2019,8417.50,240311,8442.75,8458.25,8406.50
11/27/2019,8454.75,238559,8402.75,8458.75,8397.00
11/26/2019,8400.75,284260,8374.25,8422.00,8366.25
11/25/2019,8376.50,254286,8303.25,8379.25,8296.50
11/22/2019,8280.50,340999,8280.25,8313.50,8233.25
11/21/2019,8274.50,409627,8261.50,8308.00,8240.00
11/20/2019,8291.75,518713,8333.00,8348.00,8231.00
11/19/2019,8341.50,372483,8335.00,8379.00,8312.50
11/18/2019,8333.50,367769,8318.75,8367.00,8279.25
11/15/2019,8318.75,364030,8267.50,8324.00,8261.25
11/14/2019,8265.50,379099,8269.00,8285.50,8216.25
11/13/2019,8265.75,379841,8259.00,8274.75,8239.50
11/12/2019,8275.00,315969,8253.25,8300.25,8228.50
11/11/2019,8249.75,229143,8257.25,8261.75,8206.50
11/08/2019,8257.25,324717,8230.00,8264.25,8190.00
11/07/2019,8230.50,364385,8216.00,8234.50,8213.25
11/06/2019,8207.25,313151,8195.25,8214.50,8188.50
11/05/2019,8210.75,304562,8221.50,8248.00,8193.25
11/04/2019,8215.75,322545,8165.00,8233.75,8164.00
11/01/2019,8160.25,346274,8094.25,8168.00,8084.50
10/31/2019,8090.25,446105,8128.50,8139.00,8046.00
10/30/2019,8111.25,378744,8057.25,8141.00,8020.50
10/29/2019,8055.25,346607,8109.25,8118.75,8050.75
10/28/2019,8094.75,307660,8048.00,8127.50,8048.00
10/25/2019,8035.75,343808,7928.50,8041.50,7918.50
10/24/2019,7928.25,377960,7922.75,7984.00,7913.25
10/23/2019,7901.50,347016,7846.25,7918.25,7810.25
10/22/2019,7858.75,370575,7949.25,7988.75,7837.25
10/21/2019,7948.25,273304,7874.25,7951.75,7865.75
10/18/2019,7880.75,433089,7953.75,7958.50,7835.75
10/17/2019,7952.75,364475,7954.25,7994.75,7922.00
10/16/2019,7948.50,346811,7960.00,7960.25,7907.50
10/15/2019,7959.75,343560,7862.25,7971.75,7859.75
10/14/2019,7857.50,309826,7850.25,7894.75,7807.00
10/11/2019,7859.00,484485,7783.25,7918.50,7767.00
10/10/2019,7760.25,530109,7702.25,7798.75,7583.25
10/09/2019,7699.75,402169,7715.50,7721.50,7688.75
10/08/2019,7622.00,548338,7736.00,7784.50,7613.50
10/07/2019,7740.00,380473,7742.00,7765.25,7730.75
10/04/2019,7767.25,417852,7656.75,7773.75,7624.00
10/03/2019,7658.50,579427,7551.50,7661.50,7474.25
10/02/2019,7546.25,577350,7711.00,7730.50,7525.50
10/01/2019,7695.50,475362,7784.00,7841.50,7691.00
09/30/2019,7770.50,331776,7735.50,7788.75,7705.75
09/27/2019,7701.25,591216,7787.00,7822.00,7641.00
09/26/2019,7787.25,486518,7822.50,7842.75,7734.75
09/25/2019,7820.25,534196,7738.25,7844.25,7663.00
09/24/2019,7735.25,593450,7869.00,7904.75,7701.75
09/23/2019,7850.50,343948,7839.25,7897.50,7807.75
09/20/2019,7830.50,421510,7921.00,7952.25,7810.75
09/19/2019,7917.25,397809,7925.00,7973.75,7852.50
09/18/2019,7894.25,112596,7890.75,7906.75,7790.00
09/17/2019,7890.25,139301,7864.00,7897.50,7828.00
09/16/2019,7856.50,196842,7846.00,7866.50,7836.75
09/13/2019,7886.00,239730,7916.25,7958.50,7881.75
09/12/2019,7921.50,444126,7893.25,7982.75,7886.75
09/11/2019,7889.75,381064,7818.50,7905.00,7786.50
09/10/2019,7815.00,444919,7834.00,7857.75,7744.25
09/09/2019,7830.75,368499,7857.00,7887.00,7798.50
09/06/2019,7857.75,351515,7853.50,7895.00,7838.25
09/05/2019,7855.50,471512,7722.00,7886.75,7717.25
09/04/2019,7722.75,397995,7614.25,7730.00,7608.50
09/03/2019,7617.50,641453,7614.00,7695.50,7580.75
08/30/2019,7675.50,446712,7679.00,7697.50,7669.50
08/29/2019,7712.00,443384,7582.25,7730.25,7548.50
08/28/2019,7599.25,477271,7564.00,7605.75,7504.25
08/27/2019,7562.75,515439,7591.50,7648.50,7537.00
08/26/2019,7590.50,615483,7435.00,7626.00,7353.25
08/23/2019,7504.50,754806,7705.75,7762.00,7447.75
08/22/2019,7711.25,484562,7756.00,7782.25,7654.00
08/21/2019,7750.25,343626,7655.00,7765.75,7652.25
08/20/2019,7668.00,410760,7717.25,7752.00,7655.50
08/19/2019,7727.50,398816,7617.25,7750.00,7616.00
08/16/2019,7611.75,445874,7509.25,7632.50,7502.50
08/15/2019,7496.25,703103,7469.00,7572.75,7388.25
08/14/2019,7488.75,814306,7746.50,7767.50,7477.00
08/13/2019,7748.00,667908,7570.25,7789.50,7514.00
08/12/2019,7566.75,549854,7654.50,7710.00,7534.75
08/09/2019,7660.25,614147,7699.50,7724.00,7596.75
08/08/2019,7735.75,545663,7553.50,7738.50,7526.00
08/07/2019,7553.25,842891,7512.75,7577.50,7387.50
08/06/2019,7515.50,838398,7349.00,7549.00,7224.50
08/05/2019,7385.25,840815,7701.75,7705.50,7359.75
08/02/2019,7702.25,730870,7797.00,7806.00,7650.25
08/01/2019,7808.25,765275,7834.00,8014.50,7776.75
07/31/2019,7866.75,553137,7992.50,8001.25,7782.25
07/30/2019,7963.25,394193,8004.25,8020.00,7928.25
07/29/2019,8001.25,300652,8017.50,8031.75,7951.75
07/26/2019,8019.75,319344,7992.00,8040.75,7987.50
07/25/2019,7981.75,432544,8004.50,8034.50,7917.25
07/24/2019,8038.00,354165,7944.00,8051.75,7925.25
07/23/2019,7983.75,353513,7926.50,7985.75,7908.00
07/22/2019,7924.75,353550,7830.00,7936.50,7826.25
07/19/2019,7842.75,434223,7950.50,7980.75,7815.25
07/18/2019,7933.50,411535,7868.00,7954.75,7833.00
07/17/2019,7885.50,303372,7939.75,7966.25,7868.00
07/16/2019,7942.75,302833,7982.75,8001.50,7924.00
07/15/2019,7986.75,246163,7958.25,7992.00,7941.25
07/12/2019,7960.00,298535,7917.25,7967.50,7911.75
07/11/2019,7918.75,403726,7924.25,7963.25,7894.25
07/10/2019,7928.75,437565,7848.00,7949.50,7811.25
07/09/2019,7845.25,343635,7802.25,7858.75,7743.00
07/08/2019,7801.00,340527,7855.00,7863.50,7777.50
07/05/2019,7851.50,372306,7901.75,7909.75,7797.25
07/03/2019,7887.50,9562,7887.75,7901.00,7881.25
07/02/2019,7838.25,296364,7792.50,7843.25,7763.00
07/01/2019,7790.00,403363,7781.50,7849.75,7759.00
06/28/2019,7693.75,307939,7685.25,7726.00,7664.00
06/27/2019,7690.50,299136,7641.00,7716.50,7640.75
06/26/2019,7650.00,373606,7633.00,7719.00,7616.25
06/25/2019,7628.75,418088,7753.00,7779.50,7609.50
06/24/2019,7758.75,259078,7744.50,7794.25,7731.75
06/21/2019,7751.50,375941,7762.75,7803.50,7726.00
06/20/2019,7772.75,498918,7696.25,7821.00,7692.75
06/19/2019,7702.00,409332,7668.00,7713.50,7630.00
06/18/2019,7645.25,200543,7542.25,7693.50,7514.75
06/17/2019,7534.25,182357,7481.00,7550.75,7476.00
06/14/2019,7478.25,251063,7503.25,7520.75,7451.50
06/13/2019,7522.75,392498,7476.00,7536.00,7421.00
06/12/2019,7473.25,383575,7517.75,7531.00,7461.00
06/11/2019,7518.25,454719,7519.50,7600.75,7492.75
06/10/2019,7515.50,457411,7469.00,7578.50,7431.25
06/07/2019,7419.50,477836,7266.50,7453.00,7257.75
06/06/2019,7282.25,430509,7213.75,7299.25,7181.00
06/05/2019,7228.50,533700,7189.00,7245.25,7150.25
06/04/2019,7179.25,559144,7008.75,7186.50,6981.75
06/03/2019,6993.75,768022,7110.00,7132.50,6941.25
05/31/2019,7133.50,534105,7251.75,7256.00,7129.25
05/30/2019,7255.25,399581,7214.75,7271.25,7208.50
05/29/2019,7216.00,563436,7291.50,7296.00,7183.25
05/28/2019,7295.25,524633,7312.75,7371.75,7280.25
05/24/2019,7315.50,67258,7315.50,7338.50,7293.00
05/23/2019,7311.00,637043,7430.75,7434.75,7268.00
05/22/2019,7430.00,453489,7462.75,7475.00,7391.25
05/21/2019,7464.00,433050,7408.25,7485.25,7400.75
05/20/2019,7391.75,630067,7514.75,7559.25,7361.50
05/17/2019,7511.50,622745,7600.75,7620.00,7506.50
05/16/2019,7600.25,520661,7524.25,7641.00,7473.50
05/15/2019,7529.25,531734,7429.25,7538.50,7353.75
05/14/2019,7421.00,544903,7315.25,7459.50,7290.00
05/13/2019,7314.75,764502,7534.25,7551.50,7305.00
05/10/2019,7610.25,798162,7591.00,7654.50,7435.75
05/09/2019,7595.25,738841,7639.75,7644.50,7481.00
05/08/2019,7647.50,616103,7663.75,7698.00,7600.00
05/07/2019,7674.00,825925,7744.75,7804.00,7581.25
05/06/2019,7803.50,627160,7810.00,7817.50,7667.50
05/03/2019,7865.00,449091,7739.00,7872.50,7734.75
05/02/2019,7734.25,588208,7737.75,7805.00,7682.25
05/01/2019,7756.50,478320,7848.75,7867.25,7736.00
04/30/2019,7800.00,459170,7805.25,7857.00,7740.00
04/29/2019,7813.75,319802,7837.25,7867.75,7805.50
04/26/2019,7840.25,464449,7799.25,7845.50,7755.50
04/25/2019,7798.50,485616,7855.25,7879.50,7792.00
04/24/2019,7847.75,380200,7833.50,7852.75,7802.25
04/23/2019,7838.00,423509,7738.00,7843.75,7724.50
04/22/2019,7734.75,252899,7715.25,7746.75,7669.75
